{"type": "FeatureCollection", "features": [{"type": "Feature", "properties": {}, "geometry": {"type": "MultiPolygon", "coordinates": [[[[-87.93514, 42.00089], [-87.93521, 42.00082], [-87.93529, 42.00073], [-87.93551, 42.00048], [-87.93574, 42.00026], [-87.93585, 42.00016], [-87.9359, 42.0001], [-87.93599, 42.00001], [-87.93633, 41.9996], [-87.93662, 41.99923], [-87.93677, 41.99902], [-87.93688, 41.99888], [-87.93693, 41.9988], [-87.93706, 41.99861], [-87.93708, 41.99859], [-87.93905, 41.99826], [-87.93983, 41.99814], [-87.93989, 41.99813], [-87.94002, 41.99811], [-87.94005, 41.99896], [-87.94008, 41.99987], [-87.94009, 42.00015], [-87.94011, 42.00079], [-87.93993, 42.00079], [-87.93897, 42.00081], [-87.93802, 42.00083], [-87.93706, 42.00084], [-87.93639, 42.00086], [-87.9354, 42.00088], [-87.93527, 42.00089], [-87.93522, 42.00089], [-87.93514, 42.00089]]], [[[-87.93514, 42.00089], [-87.93509, 42.00094], [-87.93517, 42.00333], [-87.93519, 42.0043], [-87.93521, 42.00491], [-87.93523, 42.00573], [-87.93523, 42.00583], [-87.93523, 42.00583], [-87.93523, 42.00594], [-87.93528, 42.00801], [-87.93529, 42.00815], [-87.9351, 42.00815], [-87.93503, 42.00815], [-87.93487, 42.00816], [-87.93426, 42.00816], [-87.93359, 42.00817], [-87.93358, 42.00817], [-87.93356, 42.00802], [-87.93355, 42.00733], [-87.93354, 42.0072], [-87.93351, 42.00566], [-87.93351, 42.00556], [-87.93348, 42.00542], [-87.93348, 42.00542], [-87.93312, 42.00537], [-87.93275, 42.00532], [-87.93238, 42.00527], [-87.93202, 42.00522], [-87.93129, 42.00512], [-87.93128, 42.00512], [-87.93092, 42.00507], [-87.93088, 42.00507], [-87.93062, 42.00503], [-87.93033, 42.005], [-87.93033, 42.00507], [-87.93033, 42.00516], [-87.92998, 42.00511], [-87.92997, 42.00511], [-87.92969, 42.00506], [-87.92963, 42.00506], [-87.92925, 42.005], [-87.92914, 42.00507], [-87.9291, 42.0051], [-87.92894, 42.00522], [-87.92877, 42.00534], [-87.92861, 42.00546], [-87.92844, 42.00557], [-87.92827, 42.00569], [-87.92811, 42.00581], [-87.928, 42.00589], [-87.92794, 42.00593], [-87.92777, 42.00605], [-87.92761, 42.00617], [-87.92744, 42.00629], [-87.92727, 42.00641], [-87.92711, 42.00653], [-87.92694, 42.00665], [-87.92677, 42.00677], [-87.9266, 42.00689], [-87.92644, 42.00701], [-87.92627, 42.00713], [-87.9261, 42.00725], [-87.92593, 42.00737], [-87.92585, 42.00743], [-87.92576, 42.00749], [-87.92566, 42.00756], [-87.92558, 42.00762], [-87.92545, 42.00771], [-87.92517, 42.00753], [-87.92448, 42.00709], [-87.92445, 42.00707], [-87.92436, 42.00702], [-87.92427, 42.00696], [-87.92373, 42.00662], [-87.92369, 42.00659], [-87.92276, 42.006], [-87.92259, 42.00589], [-87.92256, 42.00587], [-87.9223, 42.00557], [-87.92225, 42.00551], [-87.9222, 42.00546], [-87.9211, 42.00416], [-87.92086, 42.00388], [-87.9206, 42.00389], [-87.92061, 42.00495], [-87.92051, 42.00495], [-87.92012, 42.00496], [-87.9195, 42.00497], [-87.9186, 42.00499], [-87.91527, 42.00505], [-87.91494, 42.00505], [-87.91476, 42.00506], [-87.91382, 42.00507], [-87.91377, 42.00507], [-87.91377, 42.00521], [-87.91377, 42.00816], [-87.91377, 42.00843], [-87.91377, 42.0086], [-87.91377, 42.0087], [-87.91375, 42.00871], [-87.91348, 42.00871], [-87.91338, 42.00872], [-87.91331, 42.00872], [-87.91331, 42.00862], [-87.91331, 42.00857], [-87.91331, 42.00626], [-87.91303, 42.00627], [-87.91303, 42.00509], [-87.91182, 42.00511], [-87.91134, 42.00512], [-87.91133, 42.0051], [-87.90908, 42.00518], [-87.90871, 42.00519], [-87.90827, 42.00521], [-87.90827, 42.00523], [-87.90767, 42.00525], [-87.90768, 42.00876], [-87.90768, 42.00882], [-87.90768, 42.00892], [-87.90575, 42.00899], [-87.90543, 42.0089], [-87.90404, 42.00853], [-87.90246, 42.00811], [-87.90238, 42.00809], [-87.90238, 42.00792], [-87.89916, 42.00705], [-87.89876, 42.00693], [-87.89835, 42.00679], [-87.89793, 42.00664], [-87.89756, 42.00649], [-87.89718, 42.00633], [-87.897, 42.00625], [-87.89671, 42.00612], [-87.89598, 42.00578], [-87.89598, 42.00565], [-87.89592, 42.00565], [-87.89576, 42.00565], [-87.89576, 42.00588], [-87.89531, 42.00567], [-87.89429, 42.0057], [-87.89435, 42.00271], [-87.89404, 42.00272], [-87.89355, 42.00274], [-87.89357, 42.00324], [-87.89358, 42.00333], [-87.89323, 42.00334], [-87.89323, 42.00343], [-87.89326, 42.00394], [-87.89326, 42.00394], [-87.8929, 42.00395], [-87.89253, 42.00397], [-87.89216, 42.00398], [-87.89189, 42.00399], [-87.89127, 42.00374], [-87.89069, 42.0035], [-87.8901, 42.00327], [-87.89, 42.00323], [-87.89003, 42.00317], [-87.89017, 42.00298], [-87.89026, 42.00285], [-87.89038, 42.00285], [-87.89038, 42.00257], [-87.89038, 42.00238], [-87.89039, 42.0023], [-87.89041, 42.0023], [-87.89436, 42.00217], [-87.89436, 42.00212], [-87.89436, 42.00206], [-87.89691, 42.00198], [-87.89743, 42.00196], [-87.89761, 42.00195], [-87.89924, 42.0019], [-87.90241, 42.00361], [-87.9024, 42.00403], [-87.90406, 42.00397], [-87.90406, 42.00356], [-87.90312, 42.00342], [-87.89954, 42.00148], [-87.89921, 42.00149], [-87.89744, 42.00155], [-87.89746, 42.00053], [-87.89507, 42.0002], [-87.89448, 42.00012], [-87.89435, 42.0001], [-87.89411, 42.00007], [-87.89346, 41.99998], [-87.89297, 41.99991], [-87.89293, 41.99991], [-87.89187, 41.99974], [-87.89081, 41.99957], [-87.89075, 41.99961], [-87.89045, 41.99956], [-87.89019, 41.99951], [-87.88983, 41.99945], [-87.8894, 41.99939], [-87.88857, 41.99923], [-87.88835, 41.99919], [-87.88775, 41.99907], [-87.8873, 41.99898], [-87.88675, 41.99887], [-87.88673, 41.99886], [-87.88577, 41.99864], [-87.88501, 41.99847], [-87.88496, 41.99846], [-87.88496, 41.9983], [-87.88453, 41.9982], [-87.88453, 41.99808], [-87.88454, 41.99523], [-87.88454, 41.9951], [-87.88443, 41.9951], [-87.88442, 41.9951], [-87.8842, 41.99511], [-87.88282, 41.99515], [-87.88084, 41.99521], [-87.8806, 41.99522], [-87.88035, 41.99523], [-87.87974, 41.99353], [-87.87967, 41.99333], [-87.87827, 41.98945], [-87.87755, 41.98745], [-87.87691, 41.98567], [-87.87586, 41.9857], [-87.87586, 41.98475], [-87.87586, 41.98389], [-87.87586, 41.98318], [-87.87586, 41.98294], [-87.87547, 41.98186], [-87.87493, 41.98034], [-87.87489, 41.98025], [-87.87502, 41.98024], [-87.87373, 41.97666], [-87.87398, 41.97665], [-87.87415, 41.97665], [-87.87588, 41.9766], [-87.87589, 41.9757], [-87.87589, 41.97479], [-87.87589, 41.97388], [-87.87333, 41.97395], [-87.87301, 41.97395], [-87.87298, 41.97386], [-87.87273, 41.97387], [-87.87258, 41.97387], [-87.87265, 41.97396], [-87.87097, 41.974], [-87.86965, 41.97403], [-87.8686, 41.97405], [-87.86861, 41.97397], [-87.86861, 41.9738], [-87.86857, 41.9738], [-87.86819, 41.97381], [-87.86784, 41.97382], [-87.86784, 41.97398], [-87.86749, 41.97399], [-87.86749, 41.97391], [-87.86749, 41.97373], [-87.86689, 41.97374], [-87.86672, 41.97375], [-87.86612, 41.97376], [-87.8655, 41.97377], [-87.86535, 41.97378], [-87.86474, 41.97379], [-87.86415, 41.97381], [-87.86401, 41.97381], [-87.864, 41.97381], [-87.86251, 41.97385], [-87.86239, 41.97385], [-87.86201, 41.97386], [-87.86201, 41.97389], [-87.86202, 41.97398], [-87.86201, 41.97431], [-87.86193, 41.9746], [-87.86186, 41.97482], [-87.86176, 41.97517], [-87.86168, 41.97535], [-87.86155, 41.97556], [-87.86124, 41.976], [-87.86102, 41.97623], [-87.86093, 41.97631], [-87.86067, 41.97654], [-87.85996, 41.97699], [-87.85938, 41.97757], [-87.85886, 41.97819], [-87.85883, 41.97823], [-87.85846, 41.97866], [-87.85825, 41.97884], [-87.85701, 41.97987], [-87.85627, 41.98046], [-87.85604, 41.98081], [-87.85588, 41.9811], [-87.85582, 41.9814], [-87.85578, 41.9817], [-87.85578, 41.98216], [-87.85597, 41.9828], [-87.85621, 41.98341], [-87.85623, 41.98348], [-87.85657, 41.98415], [-87.85664, 41.98432], [-87.85664, 41.98432], [-87.85665, 41.98443], [-87.85664, 41.98466], [-87.85661, 41.98482], [-87.85657, 41.98502], [-87.85657, 41.98504], [-87.85652, 41.9852], [-87.85647, 41.98536], [-87.85646, 41.98541], [-87.85644, 41.98558], [-87.85636, 41.98599], [-87.85631, 41.98615], [-87.85618, 41.98641], [-87.85609, 41.98662], [-87.85601, 41.98681], [-87.85587, 41.98715], [-87.8557, 41.9875], [-87.85558, 41.98774], [-87.85556, 41.98784], [-87.85554, 41.98794], [-87.85557, 41.98819], [-87.85564, 41.9885], [-87.85568, 41.98866], [-87.85577, 41.98893], [-87.85588, 41.98913], [-87.85569, 41.98907], [-87.85556, 41.98903], [-87.85538, 41.98898], [-87.8551, 41.98892], [-87.85489, 41.98887], [-87.85457, 41.98881], [-87.85425, 41.98875], [-87.85392, 41.98871], [-87.85375, 41.98869], [-87.85359, 41.98868], [-87.85326, 41.98866], [-87.85311, 41.98865], [-87.8524, 41.98863], [-87.85184, 41.98861], [-87.85134, 41.98858], [-87.85129, 41.98857], [-87.85074, 41.98853], [-87.85027, 41.98848], [-87.85019, 41.98848], [-87.84964, 41.98841], [-87.84925, 41.98835], [-87.84842, 41.98823], [-87.84801, 41.98817], [-87.84748, 41.98809], [-87.84723, 41.98805], [-87.84673, 41.98798], [-87.84671, 41.98787], [-87.84608, 41.98777], [-87.84574, 41.98772], [-87.84537, 41.98767], [-87.84505, 41.98762], [-87.84473, 41.98756], [-87.84461, 41.98754], [-87.8444, 41.98751], [-87.84435, 41.9875], [-87.84425, 41.98749], [-87.84413, 41.98748], [-87.84399, 41.98746], [-87.84395, 41.98746], [-87.84384, 41.98744], [-87.84373, 41.98743], [-87.84353, 41.9874], [-87.84344, 41.98738], [-87.8433, 41.98736], [-87.8432, 41.98735], [-87.84174, 41.98712], [-87.84005, 41.98688], [-87.83966, 41.98682], [-87.83948, 41.98679], [-87.83909, 41.98674], [-87.83892, 41.98671], [-87.83866, 41.98667], [-87.83844, 41.98664], [-87.83822, 41.9866], [-87.83802, 41.98656], [-87.83787, 41.98654], [-87.83766, 41.98651], [-87.83747, 41.98648], [-87.83658, 41.98638], [-87.83658, 41.98628], [-87.83639, 41.98626], [-87.83638, 41.98627], [-87.83503, 41.98607], [-87.83503, 41.98603], [-87.83426, 41.98592], [-87.83417, 41.9859], [-87.83405, 41.98589], [-87.83384, 41.98586], [-87.83355, 41.98582], [-87.8328, 41.98571], [-87.83207, 41.9856], [-87.83161, 41.98554], [-87.83085, 41.98543], [-87.83046, 41.98538], [-87.8288, 41.98514], [-87.82847, 41.98509], [-87.82811, 41.98504], [-87.82335, 41.98436], [-87.82333, 41.98451], [-87.82328, 41.98484], [-87.82327, 41.9849], [-87.82326, 41.98501], [-87.82324, 41.98512], [-87.82322, 41.98531], [-87.8232, 41.98545], [-87.82319, 41.98552], [-87.82317, 41.98566], [-87.82315, 41.9858], [-87.82314, 41.98586], [-87.82313, 41.98599], [-87.82311, 41.98614], [-87.8231, 41.98622], [-87.82309, 41.98625], [-87.82308, 41.98638], [-87.82306, 41.98652], [-87.82304, 41.98667], [-87.82303, 41.98674], [-87.823, 41.98695], [-87.82298, 41.98711], [-87.82298, 41.98711], [-87.82295, 41.98734], [-87.82293, 41.98742], [-87.82292, 41.98755], [-87.82289, 41.98775], [-87.82287, 41.98792], [-87.82283, 41.98822], [-87.82278, 41.98862], [-87.82275, 41.98877], [-87.82274, 41.98884], [-87.8227, 41.9892], [-87.82268, 41.98935], [-87.82266, 41.98949], [-87.82263, 41.98971], [-87.82259, 41.98994], [-87.82257, 41.99008], [-87.82256, 41.99022], [-87.82254, 41.99036], [-87.82252, 41.99049], [-87.8225, 41.99066], [-87.82248, 41.99083], [-87.82244, 41.99108], [-87.82242, 41.99124], [-87.8224, 41.99138], [-87.82238, 41.9915], [-87.82236, 41.99167], [-87.82235, 41.99175], [-87.82235, 41.99176], [-87.82231, 41.99204], [-87.82227, 41.99231], [-87.82222, 41.9927], [-87.82219, 41.9929], [-87.82216, 41.99311], [-87.82213, 41.99333], [-87.82208, 41.99361], [-87.82202, 41.99399], [-87.82195, 41.9944], [-87.82185, 41.99498], [-87.82181, 41.99522], [-87.82177, 41.99543], [-87.82172, 41.99566], [-87.82167, 41.99589], [-87.82161, 41.99613], [-87.82157, 41.99625], [-87.82141, 41.99685], [-87.8214, 41.99692], [-87.82141, 41.99734], [-87.8214, 41.99757], [-87.8214, 41.99779], [-87.8214, 41.99826], [-87.8214, 41.99836], [-87.8214, 41.99842], [-87.8214, 41.99861], [-87.8214, 41.99866], [-87.82139, 41.99883], [-87.82139, 41.99888], [-87.82139, 41.99898], [-87.82139, 41.99909], [-87.82139, 41.99945], [-87.82139, 41.99958], [-87.82139, 41.99973], [-87.82139, 41.99988], [-87.82139, 41.99988], [-87.82138, 42.00002], [-87.82138, 42.00016], [-87.82138, 42.00032], [-87.82138, 42.00048], [-87.82138, 42.00055], [-87.82137, 42.00061], [-87.82137, 42.00063], [-87.82137, 42.00083], [-87.82137, 42.00086], [-87.82137, 42.00092], [-87.82137, 42.00102], [-87.82137, 42.00107], [-87.82137, 42.00112], [-87.82136, 42.00118], [-87.82136, 42.00124], [-87.82136, 42.00139], [-87.82136, 42.00154], [-87.82136, 42.00162], [-87.82136, 42.00169], [-87.82136, 42.00176], [-87.82136, 42.00184], [-87.82136, 42.00188], [-87.82136, 42.00196], [-87.82136, 42.002], [-87.82136, 42.00213], [-87.82136, 42.00219], [-87.82135, 42.0023], [-87.82135, 42.00233], [-87.82135, 42.00245], [-87.82135, 42.00252], [-87.82135, 42.00261], [-87.82135, 42.00268], [-87.82135, 42.00274], [-87.82135, 42.00278], [-87.82135, 42.00292], [-87.82135, 42.00301], [-87.82135, 42.00307], [-87.82134, 42.00318], [-87.82134, 42.00323], [-87.82134, 42.00332], [-87.82134, 42.0034], [-87.82134, 42.00345], [-87.82134, 42.00359], [-87.82134, 42.00362], [-87.82134, 42.00366], [-87.82134, 42.00374], [-87.82134, 42.00381], [-87.82134, 42.00386], [-87.82134, 42.00392], [-87.82135, 42.00412], [-87.82134, 42.00446], [-87.82134, 42.00469], [-87.82134, 42.00483], [-87.82133, 42.00506], [-87.82133, 42.00527], [-87.82133, 42.00528], [-87.82133, 42.0053], [-87.82133, 42.00533], [-87.82132, 42.00605], [-87.82132, 42.00653], [-87.82132, 42.00664], [-87.82131, 42.00667], [-87.82131, 42.00684], [-87.82131, 42.00695], [-87.82131, 42.00706], [-87.82131, 42.00717], [-87.82131, 42.00723], [-87.82132, 42.00748], [-87.8213, 42.00838], [-87.8213, 42.00844], [-87.8213, 42.00855], [-87.82129, 42.00863], [-87.82129, 42.00872], [-87.82129, 42.00882], [-87.82129, 42.00895], [-87.82129, 42.00903], [-87.82129, 42.00912], [-87.82128, 42.00927], [-87.82128, 42.00928], [-87.82128, 42.00932], [-87.82128, 42.00937], [-87.82128, 42.00951], [-87.82127, 42.00962], [-87.82127, 42.00974], [-87.82127, 42.00983], [-87.82127, 42.00991], [-87.82127, 42.01004], [-87.82127, 42.01014], [-87.82127, 42.01016], [-87.82126, 42.01022], [-87.82126, 42.01036], [-87.82126, 42.01047], [-87.82126, 42.0106], [-87.82126, 42.01072], [-87.82126, 42.0109], [-87.82126, 42.011], [-87.82126, 42.01106], [-87.82125, 42.01136], [-87.82107, 42.01136], [-87.82095, 42.01136], [-87.82082, 42.01136], [-87.82072, 42.01137], [-87.82058, 42.01137], [-87.8204, 42.01137], [-87.82023, 42.01138], [-87.82005, 42.01138], [-87.81999, 42.01138], [-87.81973, 42.01139], [-87.81973, 42.01148], [-87.81973, 42.01182], [-87.81973, 42.01186], [-87.81973, 42.01193], [-87.8201, 42.01193], [-87.8201, 42.01202], [-87.8201, 42.01203], [-87.8201, 42.0122], [-87.8201, 42.01233], [-87.82009, 42.01238], [-87.82009, 42.01246], [-87.82009, 42.0126], [-87.82009, 42.01272], [-87.82009, 42.01274], [-87.82009, 42.01277], [-87.82009, 42.01287], [-87.82009, 42.01301], [-87.82009, 42.01311], [-87.82009, 42.01329], [-87.82009, 42.01342], [-87.82009, 42.01356], [-87.82008, 42.01363], [-87.82008, 42.01368], [-87.82008, 42.0137], [-87.82008, 42.01384], [-87.82008, 42.01397], [-87.82008, 42.01402], [-87.82008, 42.0142], [-87.82008, 42.01425], [-87.82008, 42.01438], [-87.82008, 42.01452], [-87.82008, 42.01454], [-87.82008, 42.01459], [-87.82008, 42.01466], [-87.82008, 42.0148], [-87.82007, 42.01493], [-87.82007, 42.01502], [-87.82007, 42.01511], [-87.82007, 42.01523], [-87.82007, 42.01523], [-87.82007, 42.01528], [-87.82007, 42.01542], [-87.82007, 42.01546], [-87.82007, 42.0155], [-87.82007, 42.01557], [-87.82009, 42.01557], [-87.82013, 42.01557], [-87.8202, 42.01557], [-87.82031, 42.01556], [-87.82042, 42.01556], [-87.82053, 42.01556], [-87.82055, 42.01556], [-87.82077, 42.01555], [-87.82104, 42.01555], [-87.82123, 42.01554], [-87.82123, 42.01556], [-87.82123, 42.01561], [-87.82123, 42.01562], [-87.82123, 42.01571], [-87.82123, 42.01575], [-87.82123, 42.01579], [-87.82123, 42.01587], [-87.82123, 42.01588], [-87.82123, 42.01591], [-87.82123, 42.01595], [-87.82123, 42.01602], [-87.82123, 42.01604], [-87.82123, 42.01606], [-87.82123, 42.01612], [-87.82123, 42.01616], [-87.82123, 42.0162], [-87.82123, 42.01622], [-87.82123, 42.01628], [-87.82123, 42.0163], [-87.82123, 42.01635], [-87.82123, 42.01637], [-87.82122, 42.01643], [-87.82122, 42.01645], [-87.82122, 42.01647], [-87.82122, 42.01653], [-87.82122, 42.01657], [-87.82122, 42.0166], [-87.82122, 42.01661], [-87.82122, 42.01669], [-87.82122, 42.01671], [-87.82122, 42.01673], [-87.82122, 42.01678], [-87.82122, 42.01685], [-87.82122, 42.01686], [-87.82122, 42.01694], [-87.82122, 42.01698], [-87.82122, 42.01698], [-87.82122, 42.01702], [-87.82122, 42.01714], [-87.82122, 42.01723], [-87.82122, 42.01732], [-87.82122, 42.01744], [-87.82122, 42.0175], [-87.82122, 42.01757], [-87.82122, 42.01767], [-87.82122, 42.01769], [-87.82122, 42.01781], [-87.82121, 42.01792], [-87.82121, 42.01795], [-87.82121, 42.01803], [-87.82121, 42.01809], [-87.82121, 42.01817], [-87.82121, 42.01822], [-87.82121, 42.01831], [-87.82121, 42.01838], [-87.82121, 42.01855], [-87.82121, 42.01864], [-87.8212, 42.01864], [-87.82081, 42.01865], [-87.82063, 42.01866], [-87.82047, 42.01866], [-87.81895, 42.01869], [-87.81877, 42.0187], [-87.8186, 42.0187], [-87.81771, 42.01872], [-87.81754, 42.01873], [-87.81741, 42.01873], [-87.8165, 42.01875], [-87.81633, 42.01875], [-87.8162, 42.01875], [-87.81536, 42.01877], [-87.81528, 42.01877], [-87.8151, 42.01877], [-87.81496, 42.01878], [-87.81404, 42.0188], [-87.81388, 42.0188], [-87.81372, 42.0188], [-87.81281, 42.01882], [-87.81266, 42.01883], [-87.81249, 42.01883], [-87.81161, 42.01885], [-87.81144, 42.01886], [-87.81131, 42.01886], [-87.81039, 42.01888], [-87.81021, 42.01888], [-87.81007, 42.01889], [-87.80922, 42.0189], [-87.80899, 42.01891], [-87.80885, 42.01891], [-87.80796, 42.01893], [-87.80777, 42.01894], [-87.80757, 42.01895], [-87.8073, 42.01895], [-87.80678, 42.01896], [-87.80655, 42.01896], [-87.80655, 42.0188], [-87.80655, 42.01851], [-87.80656, 42.01818], [-87.80656, 42.01782], [-87.80657, 42.0175], [-87.80657, 42.01727], [-87.80657, 42.01715], [-87.80657, 42.01705], [-87.80657, 42.01701], [-87.80658, 42.01652], [-87.80659, 42.0155], [-87.80659, 42.01534], [-87.80659, 42.01523], [-87.80661, 42.01431], [-87.80662, 42.01368], [-87.80661, 42.01353], [-87.80661, 42.01343], [-87.80662, 42.01326], [-87.80663, 42.01258], [-87.80663, 42.01227], [-87.80663, 42.01223], [-87.80664, 42.01171], [-87.80664, 42.01148], [-87.80664, 42.01133], [-87.80664, 42.01115], [-87.80665, 42.01081], [-87.80665, 42.01067], [-87.80665, 42.01046], [-87.80665, 42.01032], [-87.80666, 42.01014], [-87.80666, 42.00992], [-87.80666, 42.0099], [-87.80666, 42.00956], [-87.80666, 42.00934], [-87.80666, 42.00919], [-87.80667, 42.009], [-87.80667, 42.00891], [-87.80667, 42.0088], [-87.80667, 42.00858], [-87.80667, 42.00855], [-87.80667, 42.00843], [-87.80668, 42.00809], [-87.80668, 42.00787], [-87.80668, 42.00768], [-87.80668, 42.00764], [-87.80668, 42.00757], [-87.80669, 42.00719], [-87.80669, 42.00708], [-87.80669, 42.00687], [-87.80669, 42.00675], [-87.80669, 42.0067], [-87.8067, 42.00651], [-87.8067, 42.00632], [-87.8067, 42.00607], [-87.8067, 42.00594], [-87.8067, 42.00585], [-87.8067, 42.00572], [-87.80671, 42.00541], [-87.80671, 42.00538], [-87.80671, 42.00523], [-87.80671, 42.00509], [-87.80671, 42.00498], [-87.80671, 42.00487], [-87.80672, 42.00447], [-87.80672, 42.00432], [-87.80672, 42.00409], [-87.80672, 42.00392], [-87.80673, 42.00373], [-87.80673, 42.00345], [-87.80673, 42.00329], [-87.80673, 42.00307], [-87.80674, 42.0029], [-87.80674, 42.00266], [-87.80674, 42.0025], [-87.80674, 42.00235], [-87.80674, 42.00222], [-87.80674, 42.00205], [-87.80675, 42.00191], [-87.80675, 42.00166], [-87.80675, 42.00151], [-87.80676, 42.00084], [-87.80664, 42.00084], [-87.80584, 42.00085], [-87.80539, 42.00086], [-87.80536, 42.00088], [-87.80535, 42.00152], [-87.80392, 42.00154], [-87.8035, 42.00154], [-87.80279, 42.00155], [-87.80252, 42.00155], [-87.8025, 42.00156], [-87.80185, 42.00156], [-87.80108, 42.00157], [-87.80108, 42.00154], [-87.80109, 42.00087], [-87.79966, 42.00087], [-87.79963, 42.00087], [-87.79946, 42.00005], [-87.79945, 42.00003], [-87.79936, 42.00003], [-87.79828, 42.00004], [-87.79717, 42.00004], [-87.79717, 42.00089], [-87.79712, 42.00089], [-87.79712, 42.00094], [-87.79711, 42.00094], [-87.79675, 42.00094], [-87.79656, 42.00094], [-87.7964, 42.00094], [-87.79612, 42.00095], [-87.79594, 42.00095], [-87.79581, 42.00095], [-87.79555, 42.00095], [-87.79529, 42.00095], [-87.79508, 42.00095], [-87.79485, 42.00095], [-87.79469, 42.00096], [-87.79447, 42.00096], [-87.79432, 42.00096], [-87.79415, 42.00096], [-87.79394, 42.00096], [-87.7937, 42.00096], [-87.79359, 42.00096], [-87.79333, 42.00097], [-87.79313, 42.00097], [-87.79304, 42.00097], [-87.79282, 42.00097], [-87.79264, 42.00097], [-87.79246, 42.00097], [-87.7923, 42.00097], [-87.79205, 42.00097], [-87.79195, 42.00097], [-87.79174, 42.00097], [-87.79174, 42.00097], [-87.79156, 42.00098], [-87.79117, 42.00098], [-87.79104, 42.00083], [-87.79094, 42.00072], [-87.79084, 42.00062], [-87.79076, 42.00053], [-87.79075, 42.00052], [-87.79065, 42.0004], [-87.79064, 42.0004], [-87.79054, 42.00045], [-87.79027, 42.00058], [-87.79015, 42.00063], [-87.788, 42.00166], [-87.78539, 42.0029], [-87.78278, 42.00413], [-87.78247, 42.00428], [-87.7822, 42.0044], [-87.78216, 42.00443], [-87.782, 42.0045], [-87.78206, 42.00453], [-87.78216, 42.0046], [-87.78224, 42.00465], [-87.78229, 42.00469], [-87.78245, 42.00482], [-87.78255, 42.00489], [-87.78262, 42.00495], [-87.78268, 42.005], [-87.78277, 42.00509], [-87.78283, 42.00514], [-87.78291, 42.00522], [-87.78295, 42.00527], [-87.78298, 42.00529], [-87.78299, 42.0053], [-87.78302, 42.00534], [-87.78307, 42.00539], [-87.7831, 42.00542], [-87.78321, 42.00554], [-87.78329, 42.00564], [-87.78333, 42.00568], [-87.78338, 42.00574], [-87.78348, 42.00585], [-87.78376, 42.00618], [-87.78383, 42.00627], [-87.7839, 42.00636], [-87.784, 42.00646], [-87.78407, 42.00655], [-87.78413, 42.00662], [-87.78426, 42.00678], [-87.78436, 42.00689], [-87.78445, 42.007], [-87.78454, 42.0071], [-87.78468, 42.00726], [-87.78481, 42.00741], [-87.78485, 42.00746], [-87.78506, 42.00771], [-87.78515, 42.00782], [-87.78525, 42.00794], [-87.78533, 42.00803], [-87.78543, 42.00814], [-87.78556, 42.0083], [-87.78568, 42.00844], [-87.7858, 42.00858], [-87.78591, 42.0087], [-87.78595, 42.00875], [-87.786, 42.00881], [-87.78606, 42.00888], [-87.78616, 42.009], [-87.78627, 42.00913], [-87.7864, 42.00928], [-87.78646, 42.00934], [-87.78653, 42.00943], [-87.78658, 42.00949], [-87.78664, 42.00956], [-87.7867, 42.00963], [-87.78678, 42.00972], [-87.78689, 42.00986], [-87.78693, 42.0099], [-87.78708, 42.01008], [-87.78721, 42.01023], [-87.78725, 42.01027], [-87.78733, 42.01037], [-87.7874, 42.01045], [-87.7875, 42.01056], [-87.78752, 42.01059], [-87.78752, 42.01059], [-87.7876, 42.01056], [-87.78879, 42.01196], [-87.78882, 42.012], [-87.78872, 42.012], [-87.78798, 42.01201], [-87.78782, 42.01201], [-87.78779, 42.01201], [-87.78743, 42.01199], [-87.78724, 42.01199], [-87.78673, 42.01199], [-87.78652, 42.01199], [-87.78626, 42.01199], [-87.78607, 42.012], [-87.78572, 42.012], [-87.7855, 42.012], [-87.78527, 42.012], [-87.78503, 42.012], [-87.78478, 42.012], [-87.78434, 42.012], [-87.78388, 42.012], [-87.78374, 42.012], [-87.78359, 42.012], [-87.78347, 42.012], [-87.78311, 42.012], [-87.78287, 42.012], [-87.78269, 42.012], [-87.78246, 42.012], [-87.78207, 42.012], [-87.78181, 42.012], [-87.78154, 42.01201], [-87.78142, 42.01201], [-87.78126, 42.01201], [-87.78109, 42.01201], [-87.78063, 42.012], [-87.78037, 42.01199], [-87.77998, 42.01199], [-87.77997, 42.01199], [-87.77972, 42.01199], [-87.77927, 42.01199], [-87.77926, 42.01211], [-87.77926, 42.01214], [-87.77923, 42.01252], [-87.77922, 42.01264], [-87.77921, 42.01275], [-87.7792, 42.01287], [-87.77919, 42.01298], [-87.77918, 42.0131], [-87.77918, 42.01322], [-87.77917, 42.01333], [-87.77916, 42.01345], [-87.77915, 42.01357], [-87.77914, 42.01368], [-87.77914, 42.0138], [-87.77914, 42.0139], [-87.77914, 42.01392], [-87.77914, 42.01404], [-87.77913, 42.01416], [-87.77913, 42.01428], [-87.77913, 42.0144], [-87.77912, 42.01452], [-87.77912, 42.01464], [-87.77912, 42.01465], [-87.77912, 42.01476], [-87.77912, 42.01488], [-87.77911, 42.01513], [-87.7791, 42.01544], [-87.77904, 42.01544], [-87.77888, 42.01544], [-87.77873, 42.01544], [-87.77857, 42.01543], [-87.77841, 42.01543], [-87.77826, 42.01542], [-87.7781, 42.01542], [-87.77794, 42.01541], [-87.77778, 42.01541], [-87.77762, 42.0154], [-87.77735, 42.0154], [-87.77697, 42.01539], [-87.77697, 42.01533], [-87.77698, 42.01501], [-87.77699, 42.01485], [-87.77699, 42.01474], [-87.77699, 42.01462], [-87.77699, 42.0145], [-87.777, 42.01438], [-87.777, 42.01426], [-87.777, 42.01415], [-87.77701, 42.01403], [-87.77701, 42.01391], [-87.77701, 42.01379], [-87.77701, 42.01377], [-87.77701, 42.01367], [-87.77702, 42.01356], [-87.77702, 42.01344], [-87.77702, 42.01332], [-87.77703, 42.01316], [-87.77703, 42.01293], [-87.77704, 42.0124], [-87.77705, 42.0121], [-87.77705, 42.01198], [-87.77658, 42.01198], [-87.77628, 42.01197], [-87.77415, 42.01196], [-87.77335, 42.01196], [-87.77322, 42.01169], [-87.7731, 42.01148], [-87.77305, 42.01137], [-87.77298, 42.01123], [-87.77291, 42.01111], [-87.77288, 42.01105], [-87.77279, 42.01088], [-87.77274, 42.01077], [-87.7727, 42.0107], [-87.77264, 42.01058], [-87.77259, 42.01049], [-87.77253, 42.01038], [-87.77245, 42.01022], [-87.77241, 42.01016], [-87.77233, 42.01], [-87.77225, 42.00983], [-87.77221, 42.00976], [-87.77213, 42.00961], [-87.77206, 42.00947], [-87.77197, 42.0093], [-87.77193, 42.00923], [-87.77189, 42.00915], [-87.77186, 42.00909], [-87.77182, 42.00902], [-87.77178, 42.00893], [-87.77174, 42.00886], [-87.77167, 42.00872], [-87.77161, 42.00859], [-87.77155, 42.00848], [-87.77148, 42.00835], [-87.77143, 42.00826], [-87.77139, 42.00818], [-87.77135, 42.0081], [-87.77132, 42.00804], [-87.77125, 42.00792], [-87.7712, 42.0078], [-87.77114, 42.0077], [-87.77107, 42.00756], [-87.77105, 42.00753], [-87.771, 42.00743], [-87.77094, 42.00731], [-87.77089, 42.00721], [-87.77083, 42.0071], [-87.77078, 42.00699], [-87.77072, 42.00688], [-87.7707, 42.00683], [-87.77061, 42.00668], [-87.77053, 42.00652], [-87.77046, 42.0064], [-87.77042, 42.00631], [-87.77037, 42.00622], [-87.77036, 42.00619], [-87.77027, 42.00623], [-87.76995, 42.00638], [-87.7692, 42.00491], [-87.76865, 42.00466], [-87.76786, 42.00429], [-87.76772, 42.00423], [-87.76761, 42.00418], [-87.76749, 42.00413], [-87.76742, 42.00409], [-87.76729, 42.00403], [-87.76718, 42.00398], [-87.76708, 42.00394], [-87.76701, 42.0039], [-87.76693, 42.00386], [-87.76685, 42.00382], [-87.76676, 42.00378], [-87.76666, 42.00373], [-87.76655, 42.00368], [-87.76647, 42.00364], [-87.76593, 42.0034], [-87.76579, 42.00333], [-87.76571, 42.00344], [-87.76565, 42.00352], [-87.76561, 42.00357], [-87.76555, 42.00363], [-87.76547, 42.00374], [-87.76555, 42.00378], [-87.76567, 42.00383], [-87.76571, 42.00385], [-87.76579, 42.00389], [-87.76585, 42.00392], [-87.76591, 42.00394], [-87.76599, 42.00398], [-87.76603, 42.004], [-87.76614, 42.00405], [-87.76614, 42.00405], [-87.76626, 42.00411], [-87.76628, 42.00412], [-87.76638, 42.00416], [-87.76642, 42.00418], [-87.7665, 42.00422], [-87.76657, 42.00425], [-87.76662, 42.00427], [-87.76671, 42.00432], [-87.76674, 42.00433], [-87.76686, 42.00438], [-87.767, 42.00445], [-87.76713, 42.00451], [-87.76718, 42.00454], [-87.76722, 42.00455], [-87.76732, 42.0046], [-87.76754, 42.00471], [-87.76754, 42.00493], [-87.76753, 42.00512], [-87.76753, 42.00529], [-87.76753, 42.00539], [-87.76753, 42.00543], [-87.76753, 42.00553], [-87.76752, 42.00557], [-87.76752, 42.00566], [-87.76752, 42.00571], [-87.76752, 42.0058], [-87.76752, 42.00584], [-87.76752, 42.00594], [-87.76752, 42.00597], [-87.76751, 42.00598], [-87.76751, 42.00607], [-87.76751, 42.00612], [-87.76751, 42.00621], [-87.76751, 42.00626], [-87.76751, 42.00635], [-87.76751, 42.0064], [-87.7675, 42.00649], [-87.7675, 42.00653], [-87.7675, 42.00662], [-87.7675, 42.00663], [-87.7675, 42.00667], [-87.7675, 42.00676], [-87.7675, 42.00681], [-87.76749, 42.0069], [-87.76749, 42.00695], [-87.76749, 42.00703], [-87.76749, 42.00708], [-87.76749, 42.00709], [-87.76749, 42.00717], [-87.76749, 42.00722], [-87.76748, 42.00731], [-87.76748, 42.00736], [-87.76748, 42.00745], [-87.76748, 42.0075], [-87.76748, 42.00758], [-87.76748, 42.00763], [-87.76748, 42.00772], [-87.76747, 42.00777], [-87.76747, 42.00786], [-87.76747, 42.00791], [-87.76747, 42.00817], [-87.76746, 42.00832], [-87.76719, 42.00832], [-87.76713, 42.00832], [-87.76709, 42.00832], [-87.76685, 42.00832], [-87.76666, 42.00832], [-87.76651, 42.00831], [-87.76649, 42.00831], [-87.76635, 42.00831], [-87.76632, 42.00831], [-87.76629, 42.00831], [-87.7662, 42.00831], [-87.76615, 42.00831], [-87.76605, 42.00831], [-87.76599, 42.00831], [-87.7659, 42.00831], [-87.76582, 42.00831], [-87.76576, 42.00831], [-87.76565, 42.00831], [-87.76561, 42.00831], [-87.76548, 42.00831], [-87.76546, 42.00831], [-87.76532, 42.0083], [-87.76531, 42.0083], [-87.76517, 42.0083], [-87.76514, 42.0083], [-87.76502, 42.0083], [-87.76497, 42.0083], [-87.76487, 42.0083], [-87.7648, 42.0083], [-87.76473, 42.0083], [-87.76463, 42.0083], [-87.76458, 42.0083], [-87.76446, 42.0083], [-87.76443, 42.0083], [-87.76429, 42.0083], [-87.76429, 42.0083], [-87.76414, 42.00829], [-87.76412, 42.00829], [-87.76399, 42.00829], [-87.76395, 42.00829], [-87.76384, 42.00829], [-87.76379, 42.00829], [-87.7637, 42.00829], [-87.76362, 42.00829], [-87.76355, 42.00829], [-87.76345, 42.00829], [-87.7634, 42.00829], [-87.76328, 42.00829], [-87.76326, 42.00829], [-87.76311, 42.00829], [-87.76294, 42.00828], [-87.76275, 42.00828], [-87.76264, 42.00828], [-87.76261, 42.00828], [-87.76241, 42.00828], [-87.76184, 42.00827], [-87.76166, 42.00827], [-87.76166, 42.00819], [-87.76169, 42.00774], [-87.7617, 42.00734], [-87.76171, 42.00711], [-87.76172, 42.00696], [-87.76172, 42.00678], [-87.76173, 42.00666], [-87.76173, 42.00651], [-87.76174, 42.00638], [-87.76175, 42.00621], [-87.76176, 42.00597], [-87.76177, 42.00578], [-87.76177, 42.00563], [-87.76178, 42.00547], [-87.76179, 42.00531], [-87.76179, 42.00519], [-87.76179, 42.00517], [-87.7618, 42.00507], [-87.7618, 42.00499], [-87.7618, 42.00491], [-87.76181, 42.00484], [-87.76182, 42.00465], [-87.76182, 42.00448], [-87.76183, 42.00436], [-87.76183, 42.00428], [-87.76184, 42.00419], [-87.76184, 42.00409], [-87.76184, 42.00402], [-87.76185, 42.00396], [-87.76185, 42.00389], [-87.76185, 42.0037], [-87.76186, 42.00354], [-87.76187, 42.00347], [-87.76187, 42.0034], [-87.76188, 42.00333], [-87.76189, 42.00324], [-87.76189, 42.00318], [-87.7619, 42.00312], [-87.76191, 42.00304], [-87.76192, 42.00295], [-87.76193, 42.00287], [-87.76193, 42.0028], [-87.76195, 42.00266], [-87.76196, 42.00264], [-87.76199, 42.00249], [-87.76201, 42.00245], [-87.76204, 42.00234], [-87.76207, 42.00226], [-87.7621, 42.00216], [-87.76214, 42.00206], [-87.76218, 42.00196], [-87.7622, 42.00188], [-87.76223, 42.00182], [-87.76227, 42.00169], [-87.76202, 42.00158], [-87.76176, 42.00146], [-87.76143, 42.00132], [-87.7613, 42.00125], [-87.76119, 42.0012], [-87.76105, 42.00114], [-87.7609, 42.00106], [-87.76076, 42.001], [-87.76062, 42.00093], [-87.76046, 42.00086], [-87.76032, 42.0008], [-87.76032, 42.00079], [-87.76019, 42.00073], [-87.76007, 42.00068], [-87.75999, 42.00064], [-87.75989, 42.0006], [-87.75982, 42.00056], [-87.75971, 42.00051], [-87.75959, 42.00045], [-87.75945, 42.00039], [-87.75934, 42.00033], [-87.75926, 42.0003], [-87.75918, 42.00026], [-87.75913, 42.00024], [-87.75907, 42.00021], [-87.759, 42.00018], [-87.75889, 42.00013], [-87.75882, 42.0001], [-87.75876, 42.00007], [-87.75871, 42.00004], [-87.75865, 42.00002], [-87.75856, 41.99997], [-87.75842, 41.9999], [-87.75829, 41.99985], [-87.75819, 41.9998], [-87.75811, 41.99976], [-87.75804, 41.99973], [-87.75801, 41.99971], [-87.75794, 41.99968], [-87.75786, 41.99965], [-87.75776, 41.9996], [-87.75771, 41.99958], [-87.75767, 41.99955], [-87.75753, 41.99949], [-87.75738, 41.99942], [-87.75726, 41.99936], [-87.75716, 41.99931], [-87.75707, 41.99927], [-87.75694, 41.9992], [-87.75686, 41.99916], [-87.75676, 41.99911], [-87.75666, 41.99907], [-87.75662, 41.99905], [-87.7565, 41.999], [-87.75637, 41.99894], [-87.75622, 41.99887], [-87.75608, 41.99881], [-87.75594, 41.99874], [-87.75585, 41.9987], [-87.75573, 41.99865], [-87.75566, 41.99862], [-87.75561, 41.99859], [-87.75547, 41.99852], [-87.75444, 41.99804], [-87.75435, 41.99798], [-87.75393, 41.99778], [-87.75352, 41.99759], [-87.75342, 41.99754], [-87.75333, 41.9975], [-87.75321, 41.99744], [-87.75301, 41.99735], [-87.7529, 41.9973], [-87.7529, 41.9973], [-87.75285, 41.9973], [-87.75244, 41.9973], [-87.75216, 41.9973], [-87.74816, 41.99729], [-87.74772, 41.99729], [-87.74766, 41.99729], [-87.74726, 41.99728], [-87.74701, 41.99728], [-87.74683, 41.99728], [-87.74663, 41.99728], [-87.74643, 41.99728], [-87.74604, 41.99728], [-87.7458, 41.99728], [-87.74561, 41.99728], [-87.7454, 41.99728], [-87.74531, 41.99727], [-87.7447, 41.99727], [-87.74354, 41.99727], [-87.74342, 41.99726], [-87.7424, 41.99726], [-87.74215, 41.99726], [-87.74167, 41.99726], [-87.74118, 41.99725], [-87.74094, 41.99725], [-87.74045, 41.99725], [-87.73997, 41.99725], [-87.73973, 41.99725], [-87.73921, 41.99725], [-87.73883, 41.99725], [-87.73863, 41.99725], [-87.73852, 41.99725], [-87.73842, 41.99725], [-87.7383, 41.99725], [-87.73819, 41.99725], [-87.73808, 41.99725], [-87.73797, 41.99725], [-87.73786, 41.99725], [-87.73775, 41.99725], [-87.73764, 41.99725], [-87.73754, 41.99725], [-87.7373, 41.99725], [-87.7372, 41.99725], [-87.73708, 41.99725], [-87.73696, 41.99725], [-87.73684, 41.99725], [-87.73673, 41.99725], [-87.73661, 41.99725], [-87.7365, 41.99725], [-87.73, 41.99724], [-87.72949, 41.99724], [-87.72903, 41.99724], [-87.72879, 41.99724], [-87.72836, 41.99724], [-87.72818, 41.99724], [-87.72809, 41.99724], [-87.728, 41.99724], [-87.72754, 41.99724], [-87.72745, 41.99724], [-87.71858, 41.99728], [-87.71796, 41.99728], [-87.71759, 41.99729], [-87.71709, 41.99729], [-87.71674, 41.99729], [-87.71603, 41.99729], [-87.71551, 41.9973], [-87.71437, 41.99731], [-87.71429, 41.99731], [-87.71395, 41.99731], [-87.71368, 41.99732], [-87.71341, 41.99732], [-87.71306, 41.99733], [-87.71277, 41.99733], [-87.71254, 41.99734], [-87.7123, 41.99734], [-87.71206, 41.99734], [-87.71173, 41.99735], [-87.7116, 41.99735], [-87.71078, 41.99736], [-87.71067, 41.99737], [-87.7098, 41.99738], [-87.70964, 41.99738], [-87.70945, 41.99739], [-87.70945, 41.99748], [-87.70946, 41.99775], [-87.70947, 41.99922], [-87.70948, 42.00117], [-87.70948, 42.00452], [-87.70947, 42.00479], [-87.70932, 42.01054], [-87.70919, 42.01167], [-87.70919, 42.01167], [-87.70919, 42.01177], [-87.70918, 42.01195], [-87.70916, 42.01273], [-87.70915, 42.01346], [-87.70913, 42.01427], [-87.70912, 42.0145], [-87.70912, 42.01479], [-87.7091, 42.01549], [-87.70909, 42.01579], [-87.70908, 42.0163], [-87.70907, 42.01655], [-87.70907, 42.01667], [-87.70907, 42.01685], [-87.70905, 42.01776], [-87.70904, 42.01808], [-87.70903, 42.01837], [-87.70902, 42.01899], [-87.70902, 42.01904], [-87.70901, 42.01913], [-87.70866, 42.01914], [-87.70849, 42.01915], [-87.70813, 42.01916], [-87.70785, 42.01916], [-87.70759, 42.01917], [-87.7073, 42.01917], [-87.70706, 42.01918], [-87.70666, 42.01919], [-87.70655, 42.01919], [-87.70633, 42.0192], [-87.70591, 42.0192], [-87.70546, 42.01921], [-87.70501, 42.01922], [-87.70496, 42.01922], [-87.7048, 42.01923], [-87.7045, 42.01923], [-87.70431, 42.01923], [-87.70414, 42.01923], [-87.70345, 42.01924], [-87.70302, 42.01925], [-87.70251, 42.01927], [-87.70213, 42.01927], [-87.70194, 42.01928], [-87.70171, 42.01928], [-87.70108, 42.01929], [-87.70051, 42.0193], [-87.7002, 42.01931], [-87.70016, 42.01931], [-87.6998, 42.01932], [-87.69959, 42.01933], [-87.69941, 42.01933], [-87.6991, 42.01934], [-87.69878, 42.01935], [-87.6982, 42.01936], [-87.69736, 42.01938], [-87.69723, 42.01938], [-87.69709, 42.01938], [-87.6966, 42.01939], [-87.69645, 42.0194], [-87.69632, 42.0194], [-87.69583, 42.01941], [-87.69575, 42.01941], [-87.69562, 42.01941], [-87.69504, 42.01943], [-87.69488, 42.01943], [-87.69475, 42.01943], [-87.69345, 42.01946], [-87.69331, 42.01946], [-87.69316, 42.01947], [-87.69271, 42.01948], [-87.69263, 42.01948], [-87.69209, 42.01949], [-87.69145, 42.0195], [-87.69097, 42.01951], [-87.69078, 42.01952], [-87.69044, 42.01952], [-87.69036, 42.01953], [-87.69017, 42.01953], [-87.68999, 42.01953], [-87.68912, 42.01953], [-87.68895, 42.01953], [-87.6888, 42.01953], [-87.68861, 42.01952], [-87.68838, 42.01952], [-87.68789, 42.01951], [-87.68774, 42.01952], [-87.68758, 42.01952], [-87.68668, 42.01951], [-87.68655, 42.01951], [-87.68651, 42.01951], [-87.68629, 42.01951], [-87.68588, 42.0195], [-87.68542, 42.0195], [-87.68485, 42.01949], [-87.68465, 42.01948], [-87.6844, 42.01948], [-87.6839, 42.01948], [-87.68316, 42.01947], [-87.68298, 42.01947], [-87.68281, 42.01947], [-87.68268, 42.01947], [-87.68188, 42.01946], [-87.68163, 42.01946], [-87.68147, 42.01946], [-87.68066, 42.01945], [-87.68045, 42.01945], [-87.68024, 42.01944], [-87.67974, 42.01944], [-87.67938, 42.01944], [-87.67923, 42.01944], [-87.67904, 42.01944], [-87.6789, 42.01944], [-87.67834, 42.01943], [-87.67816, 42.01943], [-87.67801, 42.01943], [-87.67763, 42.01943], [-87.67747, 42.01943], [-87.67735, 42.01943], [-87.67728, 42.01943], [-87.67715, 42.01941], [-87.67708, 42.01941], [-87.67698, 42.01941], [-87.67691, 42.01941], [-87.67688, 42.01941], [-87.67683, 42.01941], [-87.67676, 42.01941], [-87.67658, 42.01941], [-87.67647, 42.01941], [-87.67631, 42.0194], [-87.67607, 42.0194], [-87.67568, 42.0194], [-87.67537, 42.0194], [-87.67489, 42.0194], [-87.67441, 42.0194], [-87.67398, 42.01939], [-87.67373, 42.01939], [-87.67353, 42.01939], [-87.67351, 42.01939], [-87.67318, 42.01939], [-87.67312, 42.01939], [-87.67312, 42.01939], [-87.67312, 42.01939], [-87.67323, 42.01948], [-87.67355, 42.01974], [-87.6737, 42.01986], [-87.67452, 42.02053], [-87.6756, 42.0214], [-87.67624, 42.02193], [-87.67665, 42.02246], [-87.67666, 42.02247], [-87.67677, 42.02263], [-87.67706, 42.02304], [-87.67558, 42.02303], [-87.6707, 42.02299], [-87.66729, 42.02297], [-87.66562, 42.02295], [-87.66525, 42.02295], [-87.66513, 42.02295], [-87.66514, 42.02293], [-87.66514, 42.02292], [-87.66516, 42.0229], [-87.66517, 42.02288], [-87.66519, 42.02284], [-87.66522, 42.02282], [-87.66524, 42.02279], [-87.66527, 42.02275], [-87.66528, 42.0227], [-87.66528, 42.02266], [-87.66527, 42.02262], [-87.66525, 42.02259], [-87.66523, 42.02256], [-87.66518, 42.02251], [-87.66517, 42.02247], [-87.66513, 42.02243], [-87.66505, 42.02236], [-87.66498, 42.02231], [-87.66494, 42.02229], [-87.6649, 42.02228], [-87.66485, 42.02227], [-87.66479, 42.02222], [-87.66479, 42.0222], [-87.66475, 42.02209], [-87.66472, 42.02205], [-87.6647, 42.02203], [-87.66469, 42.02199], [-87.66467, 42.02194], [-87.66463, 42.02187], [-87.66463, 42.02182], [-87.66465, 42.02179], [-87.66468, 42.02176], [-87.66471, 42.02175], [-87.66472, 42.02173], [-87.66465, 42.02161], [-87.6646, 42.02156], [-87.66453, 42.02149], [-87.66445, 42.02143], [-87.66434, 42.02135], [-87.66427, 42.0213], [-87.66421, 42.02126], [-87.66419, 42.02125], [-87.66401, 42.02133], [-87.66386, 42.02073], [-87.66388, 42.02072], [-87.66387, 42.02068], [-87.66381, 42.02045], [-87.66374, 42.02039], [-87.66373, 42.02036], [-87.66375, 42.02035], [-87.66393, 42.02032], [-87.66388, 42.02018], [-87.66389, 42.02018], [-87.66401, 42.02018], [-87.66385, 42.01966], [-87.66386, 42.01965], [-87.66388, 42.01964], [-87.66393, 42.01964], [-87.66393, 42.0196], [-87.66391, 42.01956], [-87.66388, 42.01952], [-87.66386, 42.01951], [-87.6637, 42.01951], [-87.66366, 42.01951], [-87.66364, 42.0195], [-87.66364, 42.01937], [-87.66366, 42.01937], [-87.66383, 42.01936], [-87.66386, 42.01935], [-87.66387, 42.01933], [-87.66387, 42.0193], [-87.66387, 42.0192], [-87.66388, 42.0192], [-87.66392, 42.01919], [-87.66395, 42.01919], [-87.66397, 42.01919], [-87.66399, 42.01919], [-87.66399, 42.01916], [-87.66398, 42.01908], [-87.66393, 42.019], [-87.66389, 42.01895], [-87.66379, 42.01883], [-87.66372, 42.01874], [-87.66362, 42.01867], [-87.66357, 42.01863], [-87.66352, 42.01862], [-87.66342, 42.01862], [-87.66336, 42.01858], [-87.66328, 42.01843], [-87.66328, 42.01839], [-87.66328, 42.01838], [-87.66328, 42.01835], [-87.66328, 42.01832], [-87.66332, 42.0183], [-87.66333, 42.0183], [-87.66333, 42.01815], [-87.66341, 42.01815], [-87.66334, 42.01797], [-87.66332, 42.01795], [-87.66331, 42.01793], [-87.66329, 42.01792], [-87.66328, 42.0179], [-87.66328, 42.01787], [-87.66327, 42.01785], [-87.66329, 42.01782], [-87.6633, 42.01782], [-87.66327, 42.01776], [-87.66323, 42.01776], [-87.6632, 42.01774], [-87.66317, 42.01772], [-87.66315, 42.01772], [-87.66314, 42.01772], [-87.66313, 42.01729], [-87.66318, 42.01729], [-87.66319, 42.01729], [-87.66318, 42.01721], [-87.66315, 42.01717], [-87.66308, 42.01716], [-87.66302, 42.01715], [-87.663, 42.01714], [-87.66299, 42.01709], [-87.66302, 42.01702], [-87.66304, 42.01694], [-87.66306, 42.01688], [-87.66309, 42.01686], [-87.66309, 42.01685], [-87.66301, 42.01674], [-87.66298, 42.01674], [-87.66294, 42.01672], [-87.66291, 42.01671], [-87.66288, 42.0167], [-87.66286, 42.01667], [-87.66284, 42.01665], [-87.66281, 42.01665], [-87.66277, 42.01654], [-87.66274, 42.01636], [-87.66274, 42.01629], [-87.66275, 42.01627], [-87.66275, 42.01627], [-87.66274, 42.01623], [-87.66273, 42.0162], [-87.66272, 42.01619], [-87.66269, 42.01616], [-87.66262, 42.01612], [-87.66255, 42.01605], [-87.66254, 42.01595], [-87.66256, 42.01591], [-87.66258, 42.01586], [-87.66255, 42.0158], [-87.66254, 42.01576], [-87.66253, 42.01561], [-87.66251, 42.01554], [-87.66247, 42.01543], [-87.66242, 42.01536], [-87.66236, 42.01531], [-87.66229, 42.01521], [-87.66222, 42.01511], [-87.66217, 42.01498], [-87.66213, 42.01497], [-87.66209, 42.01496], [-87.66208, 42.01493], [-87.66207, 42.01485], [-87.66205, 42.01478], [-87.66202, 42.01471], [-87.66201, 42.01466], [-87.66201, 42.01464], [-87.662, 42.01458], [-87.66197, 42.01453], [-87.66194, 42.01448], [-87.6619, 42.01443], [-87.66186, 42.01434], [-87.66183, 42.01422], [-87.6618, 42.01411], [-87.66178, 42.01404], [-87.66175, 42.01402], [-87.6617, 42.01397], [-87.66165, 42.0139], [-87.66157, 42.01373], [-87.66153, 42.01358], [-87.6615, 42.01347], [-87.66152, 42.01341], [-87.66157, 42.01338], [-87.6616, 42.01336], [-87.66162, 42.01332], [-87.66161, 42.01329], [-87.66157, 42.01323], [-87.6615, 42.01312], [-87.66143, 42.01306], [-87.66138, 42.01302], [-87.66133, 42.01295], [-87.66129, 42.01287], [-87.66127, 42.0128], [-87.66125, 42.01277], [-87.66119, 42.01277], [-87.66119, 42.01275], [-87.6612, 42.01269], [-87.66118, 42.01259], [-87.66113, 42.0125], [-87.66105, 42.01238], [-87.66098, 42.01229], [-87.66094, 42.01224], [-87.66093, 42.01223], [-87.66094, 42.01221], [-87.66107, 42.01217], [-87.66103, 42.01205], [-87.66101, 42.01203], [-87.66097, 42.01197], [-87.66091, 42.0119], [-87.66079, 42.01175], [-87.66064, 42.01162], [-87.66052, 42.01154], [-87.66047, 42.0115], [-87.66038, 42.01145], [-87.66029, 42.01136], [-87.66017, 42.01126], [-87.66015, 42.01124], [-87.66014, 42.01122], [-87.66014, 42.01122], [-87.66028, 42.01116], [-87.66012, 42.01098], [-87.66003, 42.01091], [-87.65985, 42.01077], [-87.65976, 42.01069], [-87.65961, 42.01056], [-87.65954, 42.01051], [-87.65922, 42.01024], [-87.65911, 42.01011], [-87.65905, 42.01003], [-87.65902, 42.00998], [-87.6589, 42.00985], [-87.65888, 42.00982], [-87.65889, 42.00978], [-87.65893, 42.00977], [-87.65895, 42.00977], [-87.65895, 42.00976], [-87.6589, 42.00975], [-87.65884, 42.00975], [-87.65879, 42.00971], [-87.65875, 42.00965], [-87.65871, 42.0096], [-87.65866, 42.00954], [-87.65841, 42.00931], [-87.65831, 42.00924], [-87.65812, 42.00905], [-87.65794, 42.00887], [-87.65781, 42.00874], [-87.65765, 42.00858], [-87.65752, 42.00845], [-87.65734, 42.00832], [-87.65718, 42.00817], [-87.65698, 42.008], [-87.65684, 42.00784], [-87.65674, 42.00768], [-87.65664, 42.00758], [-87.65646, 42.00742], [-87.65614, 42.00721], [-87.65602, 42.00714], [-87.65574, 42.00696], [-87.65555, 42.00682], [-87.65544, 42.00676], [-87.65539, 42.00672], [-87.65535, 42.00669], [-87.65584, 42.00631], [-87.65739, 42.00628], [-87.65741, 42.0062], [-87.65742, 42.00581], [-87.65742, 42.00562], [-87.65738, 42.00538], [-87.65731, 42.00507], [-87.65712, 42.00472], [-87.65707, 42.00462], [-87.65707, 42.00462], [-87.65705, 42.0046], [-87.65702, 42.00459], [-87.65703, 42.00453], [-87.65697, 42.00442], [-87.65688, 42.0043], [-87.65683, 42.00426], [-87.65682, 42.00425], [-87.65682, 42.00421], [-87.65729, 42.00421], [-87.65729, 42.00392], [-87.65727, 42.00388], [-87.65725, 42.00378], [-87.65724, 42.00371], [-87.6572, 42.00368], [-87.65711, 42.00356], [-87.65704, 42.00338], [-87.65698, 42.0032], [-87.65701, 42.00313], [-87.65698, 42.0031], [-87.65692, 42.00295], [-87.65688, 42.00275], [-87.6569, 42.00268], [-87.6569, 42.0026], [-87.65687, 42.00252], [-87.65668, 42.00229], [-87.65659, 42.00215], [-87.65656, 42.00212], [-87.65653, 42.00211], [-87.6565, 42.00209], [-87.65645, 42.00206], [-87.6563, 42.00178], [-87.65619, 42.0015], [-87.65612, 42.00136], [-87.65604, 42.00122], [-87.65599, 42.0011], [-87.65597, 42.00093], [-87.656, 42.00084], [-87.65604, 42.00079], [-87.65601, 42.00066], [-87.6559, 42.00035], [-87.65578, 42.00001], [-87.65576, 41.99993], [-87.65572, 41.99984], [-87.65568, 41.9997], [-87.65565, 41.99961], [-87.65562, 41.99955], [-87.65542, 41.99926], [-87.65531, 41.99911], [-87.65526, 41.99908], [-87.65521, 41.99906], [-87.65509, 41.9989], [-87.65493, 41.99867], [-87.65489, 41.99861], [-87.65483, 41.9985], [-87.65476, 41.99841], [-87.65469, 41.99834], [-87.6546, 41.99824], [-87.65453, 41.99811], [-87.6545, 41.99799], [-87.65449, 41.99785], [-87.65446, 41.99775], [-87.65444, 41.99768], [-87.65443, 41.99759], [-87.65443, 41.99747], [-87.65442, 41.99737], [-87.65444, 41.99728], [-87.65442, 41.9972], [-87.65438, 41.99697], [-87.65436, 41.9968], [-87.65434, 41.99672], [-87.65433, 41.99659], [-87.65431, 41.99648], [-87.65429, 41.99636], [-87.65429, 41.99627], [-87.65427, 41.99615], [-87.65426, 41.99599], [-87.65427, 41.99596], [-87.6543, 41.99595], [-87.65432, 41.99597], [-87.65433, 41.99602], [-87.65435, 41.99608], [-87.65439, 41.99608], [-87.65445, 41.99609], [-87.65454, 41.99607], [-87.65459, 41.99606], [-87.65464, 41.99604], [-87.65464, 41.99602], [-87.65464, 41.99595], [-87.65466, 41.99594], [-87.65466, 41.99587], [-87.65465, 41.99579], [-87.65464, 41.99568], [-87.65458, 41.99553], [-87.65454, 41.99547], [-87.6545, 41.99542], [-87.65448, 41.99537], [-87.65449, 41.99532], [-87.6545, 41.99527], [-87.6545, 41.99519], [-87.65448, 41.99513], [-87.65449, 41.99509], [-87.65453, 41.99502], [-87.65456, 41.99496], [-87.65455, 41.99488], [-87.65456, 41.99476], [-87.65458, 41.99469], [-87.65459, 41.99464], [-87.6546, 41.99456], [-87.6546, 41.99453], [-87.65439, 41.99453], [-87.65436, 41.9943], [-87.65433, 41.99428], [-87.6543, 41.99427], [-87.65428, 41.99421], [-87.65427, 41.99411], [-87.65426, 41.99397], [-87.65428, 41.99388], [-87.65435, 41.99388], [-87.65441, 41.99387], [-87.65443, 41.99386], [-87.65447, 41.99373], [-87.65449, 41.99369], [-87.6545, 41.99367], [-87.65451, 41.99366], [-87.65445, 41.99365], [-87.65447, 41.99364], [-87.65447, 41.99363], [-87.65447, 41.99357], [-87.65447, 41.99352], [-87.65447, 41.99348], [-87.65445, 41.99348], [-87.65445, 41.99346], [-87.65451, 41.99346], [-87.65452, 41.99343], [-87.65453, 41.99339], [-87.6545, 41.99336], [-87.65446, 41.99331], [-87.6544, 41.99322], [-87.65432, 41.99312], [-87.65429, 41.99308], [-87.65426, 41.99306], [-87.6541, 41.99305], [-87.65409, 41.99301], [-87.65415, 41.99258], [-87.65418, 41.99246], [-87.6542, 41.99239], [-87.65421, 41.99237], [-87.65421, 41.9923], [-87.6543, 41.99181], [-87.65432, 41.991], [-87.65441, 41.99099], [-87.65438, 41.99092], [-87.65433, 41.99091], [-87.65428, 41.99088], [-87.65424, 41.99087], [-87.65422, 41.99071], [-87.65421, 41.99057], [-87.6542, 41.99046], [-87.65419, 41.99029], [-87.65419, 41.99022], [-87.6542, 41.99019], [-87.65421, 41.99017], [-87.65423, 41.99015], [-87.65425, 41.99014], [-87.65427, 41.99014], [-87.65428, 41.99013], [-87.65429, 41.99013], [-87.6543, 41.99013], [-87.65431, 41.99012], [-87.6543, 41.9901], [-87.65429, 41.99007], [-87.65427, 41.99005], [-87.65425, 41.99002], [-87.65423, 41.99], [-87.65421, 41.98998], [-87.6542, 41.98996], [-87.65419, 41.98994], [-87.65419, 41.98992], [-87.65419, 41.9899], [-87.6542, 41.98988], [-87.6542, 41.98984], [-87.65422, 41.98977], [-87.65423, 41.98969], [-87.65423, 41.98962], [-87.65423, 41.98959], [-87.65423, 41.98956], [-87.65423, 41.98953], [-87.65422, 41.98951], [-87.65421, 41.9895], [-87.6542, 41.98946], [-87.6542, 41.98945], [-87.6542, 41.98938], [-87.65421, 41.98923], [-87.65421, 41.98911], [-87.65422, 41.98902], [-87.65423, 41.9888], [-87.65424, 41.98866], [-87.65423, 41.98861], [-87.65423, 41.98858], [-87.65423, 41.98855], [-87.65423, 41.98854], [-87.65423, 41.98853], [-87.65424, 41.98852], [-87.65426, 41.98852], [-87.65428, 41.98851], [-87.65429, 41.98851], [-87.6543, 41.9885], [-87.65431, 41.98841], [-87.65417, 41.98824], [-87.65393, 41.98798], [-87.65368, 41.9877], [-87.65354, 41.98757], [-87.65347, 41.98751], [-87.65339, 41.98746], [-87.65331, 41.98742], [-87.65323, 41.98738], [-87.65315, 41.98733], [-87.65309, 41.9873], [-87.65302, 41.98724], [-87.65266, 41.98697], [-87.65226, 41.98669], [-87.65193, 41.98643], [-87.65183, 41.98633], [-87.65178, 41.98629], [-87.65173, 41.98625], [-87.65168, 41.98621], [-87.65164, 41.98618], [-87.65159, 41.98614], [-87.65154, 41.9861], [-87.65148, 41.98607], [-87.65141, 41.98603], [-87.65136, 41.98599], [-87.65131, 41.98596], [-87.65116, 41.98584], [-87.65106, 41.98576], [-87.65098, 41.98572], [-87.65092, 41.9857], [-87.65081, 41.98566], [-87.65074, 41.98563], [-87.65067, 41.98561], [-87.6506, 41.98559], [-87.65051, 41.98557], [-87.65038, 41.98556], [-87.65028, 41.98554], [-87.65022, 41.98553], [-87.65014, 41.98551], [-87.65012, 41.9855], [-87.65006, 41.98547], [-87.65005, 41.98547], [-87.64989, 41.98542], [-87.6494, 41.9864], [-87.64937, 41.9864], [-87.64937, 41.9864], [-87.64935, 41.98639], [-87.65012, 41.98487], [-87.65022, 41.98467], [-87.6503, 41.9845], [-87.65037, 41.98434], [-87.65043, 41.98417], [-87.65049, 41.984], [-87.65049, 41.984], [-87.65054, 41.98383], [-87.65058, 41.98369], [-87.65062, 41.98352], [-87.65065, 41.98336], [-87.65068, 41.98319], [-87.65071, 41.98303], [-87.65072, 41.98286], [-87.65074, 41.98269], [-87.65074, 41.98253], [-87.65074, 41.98248], [-87.65074, 41.98232], [-87.65073, 41.9818], [-87.65071, 41.98128], [-87.65071, 41.98127], [-87.65071, 41.9811], [-87.6507, 41.98093], [-87.65068, 41.98075], [-87.65067, 41.98066], [-87.65064, 41.98054], [-87.65061, 41.98041], [-87.65059, 41.98035], [-87.65055, 41.98028], [-87.65052, 41.98021], [-87.65022, 41.97972], [-87.65027, 41.9797], [-87.65031, 41.97968], [-87.65035, 41.97965], [-87.65038, 41.97962], [-87.65041, 41.97958], [-87.65044, 41.97955], [-87.65046, 41.97951], [-87.65047, 41.97947], [-87.65048, 41.97946], [-87.65028, 41.97939], [-87.65023, 41.97936], [-87.65019, 41.97932], [-87.65018, 41.97931], [-87.65015, 41.97928], [-87.65011, 41.97924], [-87.64988, 41.97901], [-87.64977, 41.97891], [-87.64965, 41.97881], [-87.64952, 41.97872], [-87.6494, 41.97863], [-87.64933, 41.97858], [-87.64894, 41.97829], [-87.64877, 41.97815], [-87.64874, 41.97812], [-87.6487, 41.97808], [-87.64867, 41.97804], [-87.64865, 41.978], [-87.64863, 41.97795], [-87.64863, 41.97793], [-87.6486, 41.97784], [-87.64836, 41.97783], [-87.64754, 41.97778], [-87.64746, 41.97778], [-87.64737, 41.97776], [-87.64728, 41.97775], [-87.6472, 41.97773], [-87.64716, 41.97771], [-87.64712, 41.9777], [-87.64708, 41.97769], [-87.64704, 41.97767], [-87.64696, 41.97764], [-87.64689, 41.9776], [-87.64682, 41.97756], [-87.64676, 41.97752], [-87.64669, 41.97747], [-87.64669, 41.97747], [-87.64614, 41.97784], [-87.64611, 41.97781], [-87.64666, 41.97744], [-87.64661, 41.97739], [-87.64656, 41.97734], [-87.64652, 41.97728], [-87.64648, 41.97723], [-87.64644, 41.97717], [-87.64642, 41.97712], [-87.64642, 41.97711], [-87.64639, 41.97705], [-87.64638, 41.97698], [-87.64637, 41.97692], [-87.64636, 41.97685], [-87.64636, 41.97684], [-87.64633, 41.97587], [-87.64631, 41.97509], [-87.64629, 41.9744], [-87.64626, 41.97347], [-87.64625, 41.97334], [-87.64623, 41.97322], [-87.64621, 41.9731], [-87.64618, 41.97298], [-87.64614, 41.97286], [-87.6461, 41.97274], [-87.64606, 41.97262], [-87.64601, 41.9725], [-87.64591, 41.97229], [-87.6458, 41.97208], [-87.64569, 41.97187], [-87.64557, 41.97166], [-87.64545, 41.97146], [-87.64532, 41.97125], [-87.64503, 41.9708], [-87.64495, 41.97071], [-87.64484, 41.97057], [-87.64465, 41.97032], [-87.64459, 41.97024], [-87.6444, 41.97002], [-87.64424, 41.96983], [-87.64397, 41.96954], [-87.64367, 41.96924], [-87.64345, 41.96904], [-87.64315, 41.96877], [-87.64279, 41.96849], [-87.64263, 41.96835], [-87.64274, 41.96827], [-87.64301, 41.96849], [-87.64327, 41.96831], [-87.64297, 41.96806], [-87.64293, 41.96804], [-87.6429, 41.96804], [-87.64287, 41.96803], [-87.64284, 41.96804], [-87.64281, 41.96804], [-87.6428, 41.96805], [-87.64262, 41.96817], [-87.64267, 41.96822], [-87.64256, 41.9683], [-87.64197, 41.96783], [-87.64168, 41.96762], [-87.64153, 41.96752], [-87.64112, 41.96728], [-87.64093, 41.96717], [-87.6407, 41.96704], [-87.64049, 41.96692], [-87.64012, 41.96683], [-87.6395, 41.96669], [-87.639, 41.96657], [-87.63851, 41.9664], [-87.63802, 41.96623], [-87.63743, 41.96604], [-87.63644, 41.96578], [-87.63587, 41.96567], [-87.63509, 41.96554], [-87.63453, 41.96549], [-87.6341, 41.96548], [-87.63355, 41.96543], [-87.63298, 41.96536], [-87.63258, 41.96526], [-87.63239, 41.96519], [-87.63212, 41.9651], [-87.63199, 41.96507], [-87.63202, 41.96562], [-87.63201, 41.96578], [-87.632, 41.96593], [-87.63198, 41.96608], [-87.63195, 41.96624], [-87.63194, 41.96632], [-87.63192, 41.96639], [-87.63188, 41.96654], [-87.63184, 41.96669], [-87.63179, 41.96685], [-87.63174, 41.96699], [-87.63171, 41.96706], [-87.63169, 41.96711], [-87.63163, 41.96726], [-87.63155, 41.96741], [-87.63147, 41.96757], [-87.63139, 41.96772], [-87.6313, 41.96787], [-87.63121, 41.96801], [-87.63111, 41.96816], [-87.63106, 41.96822], [-87.631, 41.9683], [-87.63097, 41.96838], [-87.63096, 41.96842], [-87.63096, 41.96846], [-87.63097, 41.9685], [-87.63099, 41.96855], [-87.631, 41.96858], [-87.63103, 41.96862], [-87.63106, 41.96866], [-87.63106, 41.96866], [-87.6311, 41.96869], [-87.63114, 41.96872], [-87.63118, 41.96874], [-87.63123, 41.96876], [-87.63128, 41.96877], [-87.63133, 41.96878], [-87.63139, 41.96879], [-87.63144, 41.96879], [-87.63148, 41.96879], [-87.63154, 41.96878], [-87.63158, 41.96877], [-87.63163, 41.96876], [-87.63168, 41.96874], [-87.6317, 41.96873], [-87.63172, 41.96872], [-87.63176, 41.96869], [-87.63179, 41.96866], [-87.63182, 41.96863], [-87.63185, 41.9686], [-87.63186, 41.96858], [-87.63188, 41.96855], [-87.63189, 41.96851], [-87.6319, 41.96847], [-87.6319, 41.96843], [-87.63189, 41.96839], [-87.63188, 41.96835], [-87.63187, 41.96832], [-87.63184, 41.96828], [-87.63182, 41.96825], [-87.63179, 41.96822], [-87.63175, 41.96819], [-87.63182, 41.96815], [-87.63186, 41.96818], [-87.63189, 41.96821], [-87.63191, 41.96824], [-87.63192, 41.96825], [-87.63195, 41.96829], [-87.63196, 41.96833], [-87.63198, 41.96837], [-87.63198, 41.96841], [-87.63198, 41.96846], [-87.63198, 41.9685], [-87.63197, 41.96854], [-87.63195, 41.96858], [-87.63193, 41.96862], [-87.63191, 41.96865], [-87.6319, 41.96866], [-87.63187, 41.9687], [-87.63183, 41.96873], [-87.63182, 41.96874], [-87.63177, 41.96877], [-87.63173, 41.96879], [-87.63168, 41.96881], [-87.63162, 41.96883], [-87.63157, 41.96884], [-87.63151, 41.96885], [-87.63146, 41.96886], [-87.6314, 41.96886], [-87.63134, 41.96885], [-87.63128, 41.96884], [-87.63123, 41.96883], [-87.63118, 41.96881], [-87.63113, 41.96879], [-87.63108, 41.96877], [-87.63106, 41.96875], [-87.63101, 41.96872], [-87.63098, 41.96869], [-87.63095, 41.96866], [-87.63092, 41.96862], [-87.6309, 41.96858], [-87.63088, 41.96854], [-87.63087, 41.9685], [-87.63087, 41.96846], [-87.63087, 41.96841], [-87.63088, 41.96837], [-87.63088, 41.96836], [-87.63089, 41.96833], [-87.63091, 41.96829], [-87.63091, 41.96829], [-87.63117, 41.96793], [-87.63126, 41.96778], [-87.63135, 41.96763], [-87.63143, 41.96748], [-87.6315, 41.96733], [-87.63157, 41.96717], [-87.63164, 41.96701], [-87.6317, 41.96686], [-87.6317, 41.96685], [-87.6318, 41.96653], [-87.63183, 41.96638], [-87.63186, 41.96623], [-87.63189, 41.96608], [-87.63191, 41.96592], [-87.63192, 41.96577], [-87.63193, 41.96562], [-87.63193, 41.96546], [-87.63193, 41.96546], [-87.63191, 41.9651], [-87.63189, 41.96495], [-87.63187, 41.9648], [-87.63184, 41.96465], [-87.63181, 41.96449], [-87.63178, 41.96438], [-87.63178, 41.96438], [-87.63173, 41.96423], [-87.63167, 41.96404], [-87.63159, 41.96397], [-87.6315, 41.96392], [-87.63141, 41.96387], [-87.63134, 41.96381], [-87.63128, 41.96375], [-87.63122, 41.96368], [-87.63116, 41.96361], [-87.63111, 41.96353], [-87.63107, 41.96346], [-87.63104, 41.9634], [-87.63102, 41.96333], [-87.631, 41.96323], [-87.63099, 41.96315], [-87.631, 41.96306], [-87.63101, 41.96298], [-87.63104, 41.9629], [-87.63107, 41.96284], [-87.63112, 41.96277], [-87.63119, 41.96269], [-87.63126, 41.96261], [-87.63131, 41.96255], [-87.63139, 41.96249], [-87.63145, 41.96245], [-87.63153, 41.96241], [-87.63162, 41.96237], [-87.63173, 41.96232], [-87.6318, 41.9623], [-87.63188, 41.96228], [-87.63196, 41.96226], [-87.63206, 41.96224], [-87.63221, 41.96219], [-87.63235, 41.96214], [-87.63251, 41.96208], [-87.63263, 41.96201], [-87.63278, 41.96196], [-87.63289, 41.96191], [-87.63301, 41.96188], [-87.63313, 41.96185], [-87.63322, 41.96182], [-87.63331, 41.96179], [-87.63339, 41.96177], [-87.63346, 41.96175], [-87.63356, 41.96169], [-87.63369, 41.96164], [-87.63377, 41.96158], [-87.63385, 41.96153], [-87.63397, 41.96149], [-87.63405, 41.96145], [-87.63414, 41.96141], [-87.63422, 41.96138], [-87.63434, 41.9613], [-87.63448, 41.96122], [-87.63457, 41.96115], [-87.63466, 41.96107], [-87.63476, 41.96098], [-87.63485, 41.96091], [-87.63495, 41.96081], [-87.63505, 41.96071], [-87.63514, 41.96062], [-87.63522, 41.96053], [-87.63529, 41.96046], [-87.63538, 41.96039], [-87.63549, 41.96029], [-87.63559, 41.9602], [-87.63567, 41.96014], [-87.63576, 41.96006], [-87.63588, 41.95999], [-87.63599, 41.9599], [-87.63609, 41.95984], [-87.63617, 41.95979], [-87.63632, 41.9597], [-87.63642, 41.95964], [-87.63653, 41.95959], [-87.63664, 41.95954], [-87.63679, 41.95949], [-87.6369, 41.95946], [-87.63703, 41.95944], [-87.63716, 41.95941], [-87.63734, 41.95938], [-87.63746, 41.95937], [-87.63762, 41.95936], [-87.63777, 41.95935], [-87.63794, 41.95934], [-87.63817, 41.95935], [-87.63833, 41.95937], [-87.63854, 41.95938], [-87.63873, 41.9594], [-87.63895, 41.95942], [-87.63914, 41.95946], [-87.63933, 41.9595], [-87.63959, 41.95956], [-87.63977, 41.95961], [-87.63999, 41.95965], [-87.64005, 41.95967], [-87.6401, 41.95967], [-87.6403, 41.95919], [-87.64037, 41.95921], [-87.64016, 41.95969], [-87.64026, 41.95972], [-87.64038, 41.95976], [-87.64047, 41.95978], [-87.64057, 41.95984], [-87.64067, 41.95988], [-87.64076, 41.95995], [-87.6408, 41.95998], [-87.64086, 41.96006], [-87.6409, 41.96015], [-87.64094, 41.96023], [-87.64096, 41.9603], [-87.64097, 41.96037], [-87.64096, 41.96043], [-87.64095, 41.96049], [-87.64091, 41.96057], [-87.64086, 41.96065], [-87.64081, 41.96072], [-87.64074, 41.96079], [-87.64066, 41.96083], [-87.64057, 41.96086], [-87.64051, 41.96088], [-87.64047, 41.96089], [-87.64043, 41.9609], [-87.64038, 41.9609], [-87.6403, 41.9609], [-87.64026, 41.96089], [-87.64022, 41.96088], [-87.64012, 41.96083], [-87.63968, 41.96058], [-87.63944, 41.96046], [-87.63932, 41.9604], [-87.63927, 41.96038], [-87.63921, 41.96036], [-87.63907, 41.96033], [-87.63898, 41.96031], [-87.63882, 41.96029], [-87.63876, 41.96028], [-87.63871, 41.96028], [-87.63864, 41.96027], [-87.63858, 41.96028], [-87.63852, 41.96028], [-87.63852, 41.96028], [-87.63847, 41.96028], [-87.6384, 41.96028], [-87.63817, 41.96031], [-87.63786, 41.96036], [-87.63764, 41.9604], [-87.63732, 41.96049], [-87.63703, 41.9606], [-87.63677, 41.96073], [-87.63639, 41.96094], [-87.63607, 41.96117], [-87.63583, 41.96138], [-87.63557, 41.96169], [-87.63544, 41.96187], [-87.6354, 41.96194], [-87.63535, 41.96204], [-87.63533, 41.96213], [-87.63533, 41.96231], [-87.63537, 41.96243], [-87.63541, 41.96249], [-87.63551, 41.96261], [-87.63563, 41.96271], [-87.63573, 41.96277], [-87.63592, 41.96284], [-87.63613, 41.96287], [-87.63631, 41.96289], [-87.63659, 41.96289], [-87.63685, 41.96288], [-87.6372, 41.96284], [-87.63744, 41.96281], [-87.63779, 41.96277], [-87.63787, 41.96276], [-87.63791, 41.96275], [-87.63789, 41.96269], [-87.63836, 41.96264], [-87.63838, 41.9627], [-87.639, 41.96262], [-87.63957, 41.96254], [-87.64005, 41.96249], [-87.64065, 41.96241], [-87.641, 41.96237], [-87.64117, 41.96235], [-87.64118, 41.96235], [-87.64119, 41.96235], [-87.64125, 41.96234], [-87.64134, 41.96232], [-87.64146, 41.96229], [-87.64157, 41.96225], [-87.64164, 41.96222], [-87.64176, 41.96216], [-87.64185, 41.9621], [-87.642, 41.96197], [-87.64206, 41.96191], [-87.64212, 41.96183], [-87.64217, 41.96176], [-87.64221, 41.96168], [-87.64224, 41.96162], [-87.64228, 41.96152], [-87.64229, 41.96145], [-87.6423, 41.96137], [-87.64229, 41.96128], [-87.64228, 41.96119], [-87.64226, 41.96111], [-87.64223, 41.96103], [-87.6422, 41.96096], [-87.64212, 41.96087], [-87.64195, 41.96068], [-87.64172, 41.96049], [-87.64167, 41.96044], [-87.6416, 41.96035], [-87.64153, 41.96018], [-87.64152, 41.96009], [-87.64155, 41.95996], [-87.64156, 41.95982], [-87.64159, 41.95953], [-87.64161, 41.9594], [-87.64161, 41.95939], [-87.6412, 41.95936], [-87.64111, 41.95936], [-87.64102, 41.95935], [-87.64103, 41.9593], [-87.6412, 41.95931], [-87.64163, 41.95933], [-87.64164, 41.9593], [-87.64167, 41.95909], [-87.6417, 41.95879], [-87.64173, 41.95851], [-87.64175, 41.95836], [-87.64173, 41.95825], [-87.6417, 41.95814], [-87.64166, 41.958], [-87.64162, 41.95784], [-87.64158, 41.95766], [-87.64154, 41.9574], [-87.64153, 41.95715], [-87.64142, 41.95659], [-87.6414, 41.9565], [-87.64139, 41.95642], [-87.64135, 41.95629], [-87.64133, 41.95615], [-87.6413, 41.95601], [-87.64129, 41.95586], [-87.64124, 41.9557], [-87.64123, 41.95564], [-87.6412, 41.9555], [-87.64117, 41.95534], [-87.64113, 41.95518], [-87.64109, 41.95505], [-87.64106, 41.95492], [-87.64101, 41.95476], [-87.64095, 41.95459], [-87.64089, 41.9544], [-87.64085, 41.95425], [-87.64081, 41.95422], [-87.64078, 41.95418], [-87.64074, 41.95406], [-87.64071, 41.954], [-87.64067, 41.95389], [-87.64064, 41.95376], [-87.64059, 41.95361], [-87.64049, 41.9536], [-87.64046, 41.95352], [-87.64043, 41.95344], [-87.64039, 41.95333], [-87.64035, 41.95322], [-87.64033, 41.95315], [-87.64029, 41.95307], [-87.64026, 41.95298], [-87.64022, 41.95289], [-87.64014, 41.95271], [-87.64009, 41.95259], [-87.64006, 41.95252], [-87.64003, 41.95247], [-87.64, 41.95238], [-87.63996, 41.9523], [-87.63993, 41.95222], [-87.63989, 41.95211], [-87.63984, 41.95202], [-87.63979, 41.9519], [-87.63973, 41.95178], [-87.63968, 41.95166], [-87.63963, 41.95156], [-87.63958, 41.95145], [-87.63952, 41.95134], [-87.63949, 41.95126], [-87.63944, 41.95115], [-87.63939, 41.95104], [-87.63934, 41.95093], [-87.6393, 41.95084], [-87.63925, 41.95073], [-87.6392, 41.95062], [-87.63915, 41.95052], [-87.63911, 41.95044], [-87.63906, 41.95033], [-87.63901, 41.95023], [-87.63894, 41.95009], [-87.63889, 41.94999], [-87.63884, 41.94987], [-87.63875, 41.94969], [-87.6387, 41.94957], [-87.63864, 41.94943], [-87.63857, 41.94929], [-87.6385, 41.94916], [-87.63845, 41.94904], [-87.63839, 41.94893], [-87.63833, 41.94882], [-87.63822, 41.94862], [-87.63814, 41.94847], [-87.63808, 41.94836], [-87.63804, 41.94827], [-87.63799, 41.94816], [-87.63791, 41.94801], [-87.63782, 41.94788], [-87.63772, 41.94771], [-87.63764, 41.94758], [-87.63755, 41.94743], [-87.63746, 41.94732], [-87.63738, 41.94721], [-87.63728, 41.94707], [-87.63719, 41.94695], [-87.63708, 41.94682], [-87.63697, 41.94667], [-87.63688, 41.94656], [-87.63678, 41.94642], [-87.63666, 41.94629], [-87.63658, 41.94618], [-87.63649, 41.94608], [-87.63638, 41.94593], [-87.63631, 41.94584], [-87.63625, 41.94576], [-87.6361, 41.9456], [-87.63604, 41.94553], [-87.63595, 41.94543], [-87.63584, 41.94531], [-87.63575, 41.94522], [-87.63568, 41.94514], [-87.63559, 41.94505], [-87.6355, 41.94495], [-87.63543, 41.94488], [-87.63535, 41.94478], [-87.63525, 41.94468], [-87.63515, 41.94458], [-87.63506, 41.94448], [-87.63499, 41.94441], [-87.6349, 41.94431], [-87.63481, 41.94423], [-87.63471, 41.94414], [-87.63461, 41.94405], [-87.63448, 41.94393], [-87.63435, 41.94381], [-87.63423, 41.94371], [-87.63411, 41.94359], [-87.63402, 41.94351], [-87.63391, 41.94341], [-87.63372, 41.94325], [-87.63362, 41.94315], [-87.63351, 41.94305], [-87.6334, 41.94296], [-87.63327, 41.94283], [-87.63316, 41.94274], [-87.63311, 41.94268], [-87.63305, 41.94262], [-87.63301, 41.94255], [-87.633, 41.94248], [-87.633, 41.9424], [-87.63303, 41.94233], [-87.63308, 41.94227], [-87.63315, 41.94221], [-87.63325, 41.94218], [-87.63337, 41.94215], [-87.63345, 41.94214], [-87.63354, 41.94216], [-87.63364, 41.94218], [-87.63371, 41.94222], [-87.63379, 41.94228], [-87.63384, 41.94232], [-87.63388, 41.94239], [-87.63398, 41.9427], [-87.63399, 41.94274], [-87.63406, 41.94291], [-87.63427, 41.94311], [-87.63431, 41.94313], [-87.63437, 41.94315], [-87.63443, 41.94318], [-87.63449, 41.94319], [-87.63456, 41.9432], [-87.63462, 41.94321], [-87.63469, 41.94321], [-87.63471, 41.94321], [-87.63478, 41.9432], [-87.63484, 41.94318], [-87.6349, 41.94316], [-87.63496, 41.94314], [-87.63502, 41.94311], [-87.63507, 41.94308], [-87.63512, 41.94304], [-87.63516, 41.94301], [-87.6352, 41.94299], [-87.63525, 41.94296], [-87.63531, 41.94294], [-87.63536, 41.94292], [-87.63542, 41.94291], [-87.63548, 41.9429], [-87.63551, 41.9429], [-87.63555, 41.9429], [-87.63561, 41.9429], [-87.63567, 41.9429], [-87.63573, 41.94291], [-87.63579, 41.94293], [-87.63585, 41.94295], [-87.6359, 41.94297], [-87.63592, 41.94298], [-87.63598, 41.94302], [-87.63603, 41.94306], [-87.63607, 41.9431], [-87.63612, 41.94315], [-87.63615, 41.94319], [-87.63618, 41.94324], [-87.63658, 41.94409], [-87.63696, 41.9449], [-87.63682, 41.94505], [-87.63731, 41.94575], [-87.63736, 41.94579], [-87.63742, 41.94582], [-87.6381, 41.94603], [-87.6387, 41.9462], [-87.63868, 41.94624], [-87.63889, 41.94631], [-87.63914, 41.94633], [-87.63921, 41.94632], [-87.63942, 41.94632], [-87.63964, 41.94633], [-87.63969, 41.94633], [-87.63974, 41.94634], [-87.63979, 41.94636], [-87.63984, 41.94637], [-87.63988, 41.9464], [-87.63987, 41.94642], [-87.63997, 41.94645], [-87.64002, 41.9464], [-87.64026, 41.94652], [-87.6401, 41.94672], [-87.64017, 41.94676], [-87.6402, 41.94676], [-87.64027, 41.9467], [-87.64029, 41.94672], [-87.6403, 41.94672], [-87.64041, 41.94683], [-87.64047, 41.94691], [-87.64078, 41.9473], [-87.64083, 41.94737], [-87.64089, 41.94743], [-87.64096, 41.94749], [-87.64103, 41.94755], [-87.64111, 41.9476], [-87.64121, 41.94767], [-87.64132, 41.94774], [-87.64133, 41.94775], [-87.64143, 41.94781], [-87.64154, 41.94787], [-87.64166, 41.94792], [-87.64178, 41.94797], [-87.64179, 41.94798], [-87.64183, 41.94799], [-87.64187, 41.948], [-87.64192, 41.94801], [-87.64196, 41.94801], [-87.64201, 41.94801], [-87.64204, 41.94801], [-87.64206, 41.948], [-87.64209, 41.94798], [-87.64211, 41.94797], [-87.64213, 41.94795], [-87.64214, 41.94793], [-87.64214, 41.9479], [-87.64214, 41.94788], [-87.64213, 41.94786], [-87.64213, 41.94785], [-87.64208, 41.94776], [-87.64202, 41.94768], [-87.64189, 41.94753], [-87.64163, 41.94728], [-87.64136, 41.94704], [-87.64134, 41.94702], [-87.64104, 41.94678], [-87.64064, 41.94646], [-87.64053, 41.94636], [-87.64033, 41.94618], [-87.64017, 41.94606], [-87.64013, 41.94603], [-87.6401, 41.94601], [-87.64007, 41.94598], [-87.64005, 41.94595], [-87.64003, 41.94591], [-87.64002, 41.94588], [-87.64002, 41.94586], [-87.64002, 41.94583], [-87.64003, 41.9458], [-87.64004, 41.94577], [-87.6402, 41.94552], [-87.64018, 41.9455], [-87.64015, 41.94547], [-87.64013, 41.94544], [-87.64012, 41.94538], [-87.64012, 41.94538], [-87.64014, 41.94536], [-87.64015, 41.94533], [-87.64017, 41.94531], [-87.6402, 41.94529], [-87.6403, 41.94526], [-87.64041, 41.94524], [-87.64042, 41.94523], [-87.64045, 41.94519], [-87.64047, 41.94514], [-87.64049, 41.9451], [-87.6405, 41.94506], [-87.6405, 41.94501], [-87.6405, 41.94496], [-87.64049, 41.94492], [-87.64048, 41.94488], [-87.64046, 41.94483], [-87.64044, 41.94479], [-87.64041, 41.94475], [-87.64037, 41.94471], [-87.63959, 41.9436], [-87.63933, 41.94352], [-87.63927, 41.94349], [-87.63919, 41.94343], [-87.63911, 41.94337], [-87.63904, 41.94331], [-87.63897, 41.94325], [-87.6389, 41.94318], [-87.63885, 41.94311], [-87.63879, 41.94304], [-87.63878, 41.94302], [-87.63872, 41.94294], [-87.63867, 41.94286], [-87.63862, 41.94277], [-87.63862, 41.94277], [-87.63858, 41.94268], [-87.63854, 41.9426], [-87.63851, 41.94251], [-87.63843, 41.94212], [-87.6384, 41.94178], [-87.6384, 41.94158], [-87.6384, 41.94143], [-87.63838, 41.94136], [-87.63835, 41.94129], [-87.63831, 41.94121], [-87.63826, 41.94114], [-87.63821, 41.94107], [-87.63815, 41.941], [-87.63809, 41.94093], [-87.63803, 41.94087], [-87.63754, 41.94028], [-87.63753, 41.94029], [-87.63712, 41.93983], [-87.63704, 41.93981], [-87.63695, 41.94026], [-87.63673, 41.94023], [-87.63682, 41.93976], [-87.63668, 41.93974], [-87.63655, 41.93974], [-87.63649, 41.93974], [-87.63647, 41.93974], [-87.63631, 41.93974], [-87.63616, 41.93975], [-87.636, 41.93976], [-87.63584, 41.93978], [-87.6358, 41.93961], [-87.6355, 41.93971], [-87.63547, 41.93973], [-87.63539, 41.93978], [-87.63531, 41.93984], [-87.63524, 41.93989], [-87.63517, 41.93995], [-87.6351, 41.94002], [-87.63504, 41.94008], [-87.63499, 41.94015], [-87.63479, 41.94067], [-87.63478, 41.94069], [-87.63517, 41.94071], [-87.63515, 41.94086], [-87.63513, 41.94087], [-87.63511, 41.94086], [-87.6351, 41.94085], [-87.63511, 41.94075], [-87.63478, 41.94073], [-87.63476, 41.94074], [-87.63473, 41.94099], [-87.6347, 41.94141], [-87.6346, 41.94154], [-87.63453, 41.94157], [-87.63448, 41.94159], [-87.63445, 41.94159], [-87.63445, 41.94186], [-87.63434, 41.94186], [-87.63433, 41.94173], [-87.63428, 41.94173], [-87.6342, 41.94172], [-87.63412, 41.9417], [-87.63406, 41.94166], [-87.634, 41.94162], [-87.63396, 41.94156], [-87.6339, 41.9415], [-87.63387, 41.94142], [-87.63385, 41.94134], [-87.63386, 41.94127], [-87.63386, 41.9411], [-87.63387, 41.94084], [-87.63388, 41.94073], [-87.63388, 41.9406], [-87.63387, 41.94051], [-87.63386, 41.94038], [-87.63381, 41.94025], [-87.63377, 41.94013], [-87.63373, 41.94002], [-87.6337, 41.93985], [-87.63365, 41.93971], [-87.63361, 41.93957], [-87.63358, 41.93945], [-87.63355, 41.93936], [-87.6335, 41.93922], [-87.63343, 41.93904], [-87.63336, 41.93889], [-87.63331, 41.93875], [-87.63323, 41.93859], [-87.63317, 41.93843], [-87.63312, 41.93833], [-87.63305, 41.93819], [-87.63299, 41.93808], [-87.63287, 41.93795], [-87.63275, 41.93782], [-87.63266, 41.93772], [-87.63255, 41.93759], [-87.63245, 41.93748], [-87.63237, 41.93738], [-87.63229, 41.93724], [-87.63243, 41.93718], [-87.63229, 41.93691], [-87.63228, 41.93682], [-87.63226, 41.93677], [-87.63224, 41.9367], [-87.63221, 41.93657], [-87.63219, 41.93648], [-87.63221, 41.93639], [-87.6322, 41.93634], [-87.63219, 41.93625], [-87.63217, 41.93614], [-87.63215, 41.93604], [-87.63212, 41.93594], [-87.63211, 41.93587], [-87.6321, 41.93584], [-87.63204, 41.93575], [-87.63203, 41.93569], [-87.632, 41.93565], [-87.63196, 41.9356], [-87.63194, 41.93555], [-87.63194, 41.93554], [-87.63192, 41.93548], [-87.63187, 41.93545], [-87.63184, 41.9354], [-87.63182, 41.93534], [-87.63177, 41.93528], [-87.63172, 41.93519], [-87.63165, 41.93512], [-87.63162, 41.93508], [-87.63159, 41.93505], [-87.63158, 41.93501], [-87.63156, 41.93498], [-87.6315, 41.9349], [-87.63146, 41.93483], [-87.63145, 41.93481], [-87.63094, 41.93421], [-87.6308, 41.93404], [-87.63073, 41.93394], [-87.63071, 41.93391], [-87.63064, 41.93387], [-87.63058, 41.93381], [-87.6305, 41.93375], [-87.63044, 41.93367], [-87.63043, 41.9336], [-87.63042, 41.9335], [-87.63044, 41.93342], [-87.63047, 41.93338], [-87.63047, 41.93333], [-87.6305, 41.93328], [-87.63053, 41.93321], [-87.63058, 41.93318], [-87.63061, 41.93316], [-87.63064, 41.93314], [-87.63067, 41.9331], [-87.63071, 41.93306], [-87.6307, 41.93271], [-87.63069, 41.93268], [-87.63069, 41.93258], [-87.63066, 41.93255], [-87.63066, 41.93255], [-87.63066, 41.93253], [-87.63068, 41.93252], [-87.63071, 41.93252], [-87.63076, 41.93257], [-87.63077, 41.93268], [-87.63076, 41.9327], [-87.63077, 41.93303], [-87.63073, 41.93304], [-87.63073, 41.93306], [-87.63075, 41.93305], [-87.63079, 41.93303], [-87.63091, 41.93298], [-87.63138, 41.93297], [-87.63138, 41.9328], [-87.63138, 41.93275], [-87.63139, 41.93272], [-87.6314, 41.93269], [-87.63142, 41.93266], [-87.63144, 41.93264], [-87.63147, 41.93262], [-87.6315, 41.9326], [-87.63152, 41.9326], [-87.6316, 41.93258], [-87.63182, 41.93258], [-87.63182, 41.93244], [-87.63159, 41.93244], [-87.63154, 41.93244], [-87.63143, 41.93244], [-87.6314, 41.93243], [-87.6313, 41.93241], [-87.63127, 41.9324], [-87.63125, 41.93239], [-87.63125, 41.9324], [-87.63128, 41.93242], [-87.63123, 41.93248], [-87.63115, 41.93258], [-87.63107, 41.93259], [-87.63107, 41.93259], [-87.63107, 41.93259], [-87.63106, 41.93258], [-87.63105, 41.93257], [-87.63105, 41.93256], [-87.63106, 41.93255], [-87.63107, 41.93255], [-87.63108, 41.93254], [-87.63111, 41.93254], [-87.63113, 41.93252], [-87.63119, 41.93244], [-87.63124, 41.93239], [-87.63119, 41.93237], [-87.63116, 41.93236], [-87.63112, 41.93234], [-87.63109, 41.93232], [-87.63106, 41.93231], [-87.63103, 41.93229], [-87.631, 41.93227], [-87.63096, 41.93225], [-87.63093, 41.93223], [-87.63085, 41.93217], [-87.63079, 41.93208], [-87.63074, 41.93198], [-87.63069, 41.93187], [-87.63067, 41.93177], [-87.63068, 41.93169], [-87.6307, 41.9316], [-87.63074, 41.9315], [-87.63079, 41.93139], [-87.63082, 41.93127], [-87.63086, 41.93115], [-87.63089, 41.93104], [-87.63091, 41.93094], [-87.63095, 41.93081], [-87.63097, 41.93069], [-87.63098, 41.93056], [-87.631, 41.93041], [-87.63101, 41.93026], [-87.63101, 41.93008], [-87.631, 41.9299], [-87.63098, 41.92978], [-87.63096, 41.92964], [-87.63094, 41.92948], [-87.63091, 41.92932], [-87.63087, 41.92915], [-87.63083, 41.92901], [-87.63075, 41.92882], [-87.63071, 41.92867], [-87.63069, 41.9286], [-87.63062, 41.92848], [-87.63056, 41.92835], [-87.63049, 41.92822], [-87.6304, 41.92808], [-87.63061, 41.928], [-87.6306, 41.92797], [-87.63057, 41.92793], [-87.63054, 41.92789], [-87.63052, 41.92786], [-87.63047, 41.92779], [-87.63038, 41.92769], [-87.63033, 41.92763], [-87.63028, 41.92758], [-87.63023, 41.92752], [-87.63014, 41.92744], [-87.63012, 41.92742], [-87.63011, 41.9274], [-87.63009, 41.92739], [-87.63006, 41.92737], [-87.63003, 41.92734], [-87.62998, 41.92729], [-87.62993, 41.92723], [-87.62988, 41.92718], [-87.62985, 41.92715], [-87.62981, 41.9271], [-87.62979, 41.92708], [-87.62976, 41.92703], [-87.62973, 41.92697], [-87.6297, 41.9269], [-87.62966, 41.92684], [-87.62964, 41.9268], [-87.62964, 41.92678], [-87.62963, 41.92675], [-87.62962, 41.92673], [-87.62962, 41.92672], [-87.62961, 41.92668], [-87.62961, 41.92665], [-87.6296, 41.92662], [-87.6296, 41.92658], [-87.6296, 41.92652], [-87.6296, 41.92649], [-87.6296, 41.92645], [-87.6296, 41.92643], [-87.6296, 41.9264], [-87.6296, 41.92638], [-87.6296, 41.92635], [-87.62961, 41.92631], [-87.62962, 41.92626], [-87.62963, 41.92622], [-87.62964, 41.9262], [-87.62964, 41.92619], [-87.62965, 41.92617], [-87.62966, 41.92615], [-87.62969, 41.92612], [-87.6297, 41.92611], [-87.6297, 41.9261], [-87.62971, 41.92609], [-87.62973, 41.92609], [-87.62977, 41.92611], [-87.62982, 41.92613], [-87.62988, 41.92616], [-87.62991, 41.92614], [-87.62994, 41.92611], [-87.62996, 41.92609], [-87.63003, 41.92603], [-87.6301, 41.92596], [-87.63018, 41.92589], [-87.63022, 41.92584], [-87.63026, 41.92579], [-87.63027, 41.92578], [-87.63027, 41.92577], [-87.63027, 41.92575], [-87.63027, 41.92569], [-87.63027, 41.92557], [-87.63027, 41.92543], [-87.63026, 41.92528], [-87.63025, 41.92516], [-87.63023, 41.92499], [-87.63022, 41.92487], [-87.63021, 41.92478], [-87.63019, 41.92468], [-87.63017, 41.92457], [-87.63015, 41.92442], [-87.63012, 41.9243], [-87.63009, 41.92419], [-87.63008, 41.92415], [-87.63009, 41.92413], [-87.63008, 41.92411], [-87.63008, 41.92409], [-87.63008, 41.92406], [-87.63008, 41.92404], [-87.63004, 41.92391], [-87.62998, 41.92368], [-87.62994, 41.92355], [-87.62992, 41.92351], [-87.6299, 41.92348], [-87.62986, 41.92345], [-87.62979, 41.92337], [-87.62971, 41.9233], [-87.62958, 41.9232], [-87.6295, 41.92315], [-87.62943, 41.9231], [-87.62935, 41.92304], [-87.62927, 41.923], [-87.62921, 41.92294], [-87.62915, 41.92288], [-87.62911, 41.92284], [-87.62904, 41.92278], [-87.62901, 41.92276], [-87.629, 41.92275], [-87.62838, 41.92312], [-87.62834, 41.92307], [-87.62927, 41.92252], [-87.6293, 41.92255], [-87.62949, 41.92244], [-87.62949, 41.92243], [-87.62948, 41.9224], [-87.62946, 41.92235], [-87.62945, 41.92233], [-87.62943, 41.92229], [-87.62938, 41.92222], [-87.62933, 41.92215], [-87.62931, 41.92213], [-87.62929, 41.92209], [-87.62926, 41.92204], [-87.62914, 41.92189], [-87.62904, 41.92176], [-87.62899, 41.92169], [-87.6289, 41.9216], [-87.62887, 41.92154], [-87.62885, 41.92148], [-87.62879, 41.9214], [-87.62874, 41.92135], [-87.62868, 41.92129], [-87.62863, 41.92121], [-87.62859, 41.92114], [-87.62857, 41.92107], [-87.62855, 41.92105], [-87.62854, 41.92103], [-87.62817, 41.92121], [-87.6278, 41.92138], [-87.62776, 41.9214], [-87.62775, 41.9214], [-87.62774, 41.9214], [-87.62773, 41.9214], [-87.62771, 41.92138], [-87.6277, 41.92137], [-87.6277, 41.92136], [-87.6279, 41.92127], [-87.62827, 41.92109], [-87.62876, 41.92086], [-87.62879, 41.92089], [-87.62893, 41.92082], [-87.62893, 41.92078], [-87.62892, 41.92073], [-87.62886, 41.92064], [-87.62884, 41.92061], [-87.62878, 41.92049], [-87.62874, 41.92039], [-87.62873, 41.92037], [-87.62868, 41.92029], [-87.62863, 41.92023], [-87.62856, 41.92012], [-87.6285, 41.92005], [-87.62843, 41.91998], [-87.62834, 41.91991], [-87.6283, 41.91989], [-87.62827, 41.91987], [-87.62823, 41.91983], [-87.62817, 41.91978], [-87.62812, 41.91971], [-87.62804, 41.91962], [-87.628, 41.91957], [-87.62798, 41.91954], [-87.62796, 41.9195], [-87.6276, 41.91968], [-87.62735, 41.9198], [-87.62733, 41.91977], [-87.62733, 41.91975], [-87.62762, 41.9196], [-87.62808, 41.91938], [-87.62837, 41.91924], [-87.6284, 41.91927], [-87.62842, 41.91926], [-87.62844, 41.91924], [-87.62844, 41.91922], [-87.62842, 41.91917], [-87.62841, 41.91914], [-87.62835, 41.91908], [-87.62829, 41.91902], [-87.62823, 41.91892], [-87.6282, 41.91887], [-87.62815, 41.9188], [-87.62808, 41.91873], [-87.62807, 41.91872], [-87.62798, 41.91862], [-87.62789, 41.91853], [-87.62779, 41.91844], [-87.62768, 41.91836], [-87.62762, 41.91831], [-87.62757, 41.91828], [-87.62749, 41.91822], [-87.62744, 41.91813], [-87.62741, 41.91807], [-87.62737, 41.91802], [-87.62736, 41.91801], [-87.62735, 41.918], [-87.62711, 41.91814], [-87.62683, 41.9183], [-87.6268, 41.91825], [-87.62697, 41.91815], [-87.62724, 41.91799], [-87.62759, 41.91779], [-87.62786, 41.91764], [-87.62789, 41.91767], [-87.62791, 41.91766], [-87.62792, 41.91765], [-87.62792, 41.91763], [-87.62791, 41.9176], [-87.62789, 41.91757], [-87.62786, 41.91753], [-87.62774, 41.91742], [-87.62769, 41.91735], [-87.62762, 41.91725], [-87.62758, 41.91721], [-87.62749, 41.91714], [-87.62735, 41.91706], [-87.62722, 41.91695], [-87.62714, 41.91688], [-87.62708, 41.91684], [-87.62701, 41.91676], [-87.62693, 41.91669], [-87.6269, 41.91663], [-87.62685, 41.91656], [-87.62677, 41.91651], [-87.62674, 41.91648], [-87.62673, 41.91645], [-87.62671, 41.91644], [-87.62625, 41.91673], [-87.62609, 41.91684], [-87.62604, 41.91679], [-87.62649, 41.9165], [-87.62681, 41.91629], [-87.62678, 41.91626], [-87.62673, 41.91621], [-87.62663, 41.91613], [-87.62655, 41.91604], [-87.6265, 41.91599], [-87.62642, 41.9159], [-87.6264, 41.91588], [-87.62629, 41.91576], [-87.62621, 41.9157], [-87.62617, 41.91568], [-87.62613, 41.91565], [-87.62609, 41.91563], [-87.62605, 41.91562], [-87.62602, 41.91561], [-87.62598, 41.9156], [-87.62592, 41.91559], [-87.62587, 41.91556], [-87.62584, 41.91555], [-87.6258, 41.91553], [-87.62577, 41.91551], [-87.62573, 41.91547], [-87.62571, 41.91544], [-87.62568, 41.9154], [-87.62564, 41.91537], [-87.62561, 41.91534], [-87.62556, 41.9153], [-87.62551, 41.91527], [-87.62548, 41.91524], [-87.62546, 41.91523], [-87.62545, 41.91522], [-87.62524, 41.91503], [-87.62509, 41.9149], [-87.62501, 41.91483], [-87.62494, 41.91478], [-87.62487, 41.91472], [-87.62482, 41.9147], [-87.62479, 41.91468], [-87.62473, 41.91465], [-87.62468, 41.91462], [-87.62465, 41.91461], [-87.62461, 41.91459], [-87.62455, 41.91455], [-87.62451, 41.91452], [-87.62445, 41.91447], [-87.6244, 41.91443], [-87.62434, 41.91438], [-87.62427, 41.91434], [-87.62421, 41.9143], [-87.62419, 41.91429], [-87.62419, 41.91429], [-87.62413, 41.91424], [-87.62408, 41.91421], [-87.62402, 41.91418], [-87.62388, 41.91411], [-87.62378, 41.91406], [-87.62365, 41.914], [-87.62354, 41.91395], [-87.62344, 41.9139], [-87.62335, 41.91385], [-87.62332, 41.91384], [-87.62328, 41.91381], [-87.62327, 41.91381], [-87.62319, 41.91378], [-87.6231, 41.91374], [-87.62302, 41.91372], [-87.62293, 41.91369], [-87.62291, 41.91368], [-87.62291, 41.91368], [-87.62263, 41.91361], [-87.62243, 41.91357], [-87.62231, 41.91356], [-87.6221, 41.91355], [-87.62194, 41.91354], [-87.62193, 41.91354], [-87.62189, 41.91353], [-87.62184, 41.91353], [-87.62173, 41.91353], [-87.62162, 41.91353], [-87.62155, 41.91354], [-87.62151, 41.91354], [-87.62146, 41.91355], [-87.62142, 41.91356], [-87.62138, 41.91356], [-87.62132, 41.91357], [-87.62126, 41.91358], [-87.62116, 41.91359], [-87.62109, 41.9136], [-87.62101, 41.91364], [-87.62095, 41.91368], [-87.6209, 41.91371], [-87.62084, 41.91374], [-87.62077, 41.91377], [-87.62072, 41.91379], [-87.62067, 41.91379], [-87.62062, 41.91379], [-87.62059, 41.91379], [-87.62055, 41.91376], [-87.62052, 41.91371], [-87.62052, 41.9137], [-87.62051, 41.91367], [-87.6205, 41.91364], [-87.62049, 41.91361], [-87.62049, 41.91358], [-87.62049, 41.91356], [-87.62052, 41.91351], [-87.62055, 41.91346], [-87.62055, 41.91346], [-87.62056, 41.91343], [-87.62058, 41.91339], [-87.62057, 41.91337], [-87.62052, 41.91342], [-87.62047, 41.91346], [-87.62044, 41.91349], [-87.62042, 41.91351], [-87.62037, 41.91358], [-87.62033, 41.91364], [-87.62029, 41.91371], [-87.62026, 41.91378], [-87.62023, 41.91385], [-87.62022, 41.91388], [-87.62021, 41.91391], [-87.6202, 41.91397], [-87.62019, 41.91403], [-87.62019, 41.91409], [-87.62019, 41.91429], [-87.6202, 41.9145], [-87.6202, 41.91452], [-87.62021, 41.91456], [-87.62022, 41.91459], [-87.62024, 41.91463], [-87.62026, 41.91466], [-87.62028, 41.91467], [-87.62031, 41.9147], [-87.62031, 41.9147], [-87.62034, 41.91473], [-87.62038, 41.91476], [-87.62042, 41.91478], [-87.62047, 41.91479], [-87.62052, 41.91481], [-87.62056, 41.91482], [-87.62062, 41.91482], [-87.62064, 41.91482], [-87.62069, 41.91482], [-87.62074, 41.91482], [-87.62079, 41.91481], [-87.62084, 41.9148], [-87.62089, 41.91478], [-87.62096, 41.91475], [-87.62099, 41.91479], [-87.62098, 41.91479], [-87.62093, 41.91482], [-87.62088, 41.91484], [-87.62083, 41.91485], [-87.62077, 41.91486], [-87.62072, 41.91487], [-87.62066, 41.91487], [-87.62061, 41.91487], [-87.62055, 41.91486], [-87.6205, 41.91485], [-87.62048, 41.91485], [-87.62043, 41.91483], [-87.62038, 41.91481], [-87.62033, 41.91478], [-87.62029, 41.91476], [-87.62026, 41.91473], [-87.62023, 41.9147], [-87.62022, 41.91469], [-87.6202, 41.91466], [-87.62017, 41.91462], [-87.62016, 41.91458], [-87.62015, 41.91454], [-87.62014, 41.9145], [-87.62014, 41.91429], [-87.62013, 41.91415], [-87.62013, 41.91413], [-87.62013, 41.91406], [-87.62014, 41.91399], [-87.62015, 41.91392], [-87.62016, 41.91388], [-87.62017, 41.91386], [-87.62019, 41.91379], [-87.62019, 41.91378], [-87.62022, 41.91372], [-87.62025, 41.91365], [-87.62029, 41.91359], [-87.62034, 41.91353], [-87.62039, 41.91347], [-87.62039, 41.91347], [-87.62044, 41.91341], [-87.6205, 41.91336], [-87.62056, 41.91331], [-87.62063, 41.91326], [-87.6207, 41.91322], [-87.62078, 41.91318], [-87.62086, 41.91314], [-87.62095, 41.9131], [-87.62105, 41.91306], [-87.62112, 41.91304], [-87.62116, 41.91303], [-87.62126, 41.913], [-87.62137, 41.91297], [-87.62148, 41.91295], [-87.62159, 41.91293], [-87.6217, 41.91292], [-87.62181, 41.91291], [-87.62192, 41.91291], [-87.62197, 41.91291], [-87.62209, 41.9129], [-87.62221, 41.91288], [-87.62232, 41.91286], [-87.62242, 41.91284], [-87.62253, 41.91282], [-87.62263, 41.91279], [-87.62274, 41.91275], [-87.62284, 41.91272], [-87.62293, 41.91267], [-87.62303, 41.91263], [-87.62311, 41.91258], [-87.62312, 41.91258], [-87.62321, 41.91253], [-87.62329, 41.91247], [-87.62334, 41.91243], [-87.62369, 41.91216], [-87.62376, 41.9121], [-87.62424, 41.91173], [-87.62466, 41.91142], [-87.62466, 41.9114], [-87.62467, 41.91124], [-87.62468, 41.91104], [-87.62469, 41.91085], [-87.6247, 41.9108], [-87.62473, 41.91074], [-87.62475, 41.91069], [-87.62477, 41.91066], [-87.6248, 41.91062], [-87.62484, 41.91058], [-87.62488, 41.91055], [-87.62492, 41.91052], [-87.62495, 41.9105], [-87.62499, 41.91046], [-87.62502, 41.91043], [-87.62504, 41.91039], [-87.62506, 41.91035], [-87.6251, 41.91027], [-87.62512, 41.91018], [-87.62512, 41.91009], [-87.62514, 41.91], [-87.62514, 41.90992], [-87.62514, 41.90982], [-87.62514, 41.90969], [-87.62511, 41.90938], [-87.62509, 41.90911], [-87.62507, 41.90897], [-87.62505, 41.90873], [-87.62502, 41.90854], [-87.62499, 41.90838], [-87.62497, 41.90829], [-87.62493, 41.9081], [-87.6249, 41.90799], [-87.62488, 41.90787], [-87.62484, 41.90768], [-87.62482, 41.90762], [-87.62481, 41.90753], [-87.6248, 41.90753], [-87.62469, 41.90725], [-87.6246, 41.907], [-87.62452, 41.90679], [-87.62444, 41.90654], [-87.6244, 41.90643], [-87.62429, 41.90613], [-87.6242, 41.90588], [-87.62415, 41.90572], [-87.624, 41.90531], [-87.62398, 41.90523], [-87.62386, 41.9049], [-87.62365, 41.90429], [-87.62357, 41.90408], [-87.62357, 41.90408], [-87.62372, 41.90405], [-87.62367, 41.90399], [-87.62361, 41.90395], [-87.62356, 41.90392], [-87.62352, 41.9039], [-87.62349, 41.90389], [-87.62345, 41.90387], [-87.62344, 41.90386], [-87.62341, 41.90385], [-87.62337, 41.90384], [-87.62334, 41.90382], [-87.62331, 41.90381], [-87.62328, 41.90379], [-87.62325, 41.90377], [-87.62322, 41.90375], [-87.62317, 41.90372], [-87.62313, 41.9037], [-87.62313, 41.90369], [-87.6231, 41.90367], [-87.62306, 41.90364], [-87.62301, 41.9036], [-87.62299, 41.90358], [-87.62296, 41.90355], [-87.62294, 41.90353], [-87.62291, 41.90351], [-87.62287, 41.90348], [-87.62283, 41.90344], [-87.62279, 41.90339], [-87.62275, 41.90335], [-87.62272, 41.90332], [-87.62271, 41.90331], [-87.62271, 41.90331], [-87.62268, 41.90328], [-87.62259, 41.90319], [-87.62251, 41.9031], [-87.62233, 41.90289], [-87.6223, 41.90285], [-87.62211, 41.9026], [-87.62201, 41.90248], [-87.62198, 41.90244], [-87.62195, 41.9024], [-87.62193, 41.90237], [-87.62191, 41.90234], [-87.62189, 41.9023], [-87.62187, 41.90225], [-87.62187, 41.90223], [-87.62186, 41.9022], [-87.62185, 41.90217], [-87.62186, 41.90216], [-87.62186, 41.90213], [-87.62186, 41.90212], [-87.62186, 41.90209], [-87.62186, 41.90208], [-87.62187, 41.90207], [-87.62187, 41.90206], [-87.62187, 41.90205], [-87.62187, 41.90205], [-87.62175, 41.902], [-87.62164, 41.90197], [-87.62152, 41.90193], [-87.6214, 41.9019], [-87.62127, 41.90188], [-87.62115, 41.90186], [-87.62114, 41.90186], [-87.62064, 41.90176], [-87.62057, 41.90175], [-87.62052, 41.90174], [-87.62041, 41.9017], [-87.62037, 41.90169], [-87.61992, 41.90156], [-87.61988, 41.90155], [-87.61983, 41.90153], [-87.6198, 41.90151], [-87.61976, 41.90149], [-87.61964, 41.90142], [-87.61964, 41.90141], [-87.61956, 41.90137], [-87.61949, 41.90132], [-87.61944, 41.90129], [-87.61941, 41.90126], [-87.61939, 41.90125], [-87.61931, 41.90117], [-87.61923, 41.9011], [-87.61916, 41.90102], [-87.6191, 41.90094], [-87.61907, 41.9009], [-87.61904, 41.90086], [-87.61898, 41.90077], [-87.61893, 41.90069], [-87.61881, 41.9005], [-87.6188, 41.90048], [-87.61854, 41.9001], [-87.61849, 41.90002], [-87.61826, 41.89968], [-87.61819, 41.89957], [-87.618, 41.89928], [-87.61795, 41.89921], [-87.61773, 41.89888], [-87.61765, 41.89875], [-87.61749, 41.89852], [-87.61748, 41.89849], [-87.61721, 41.89808], [-87.6172, 41.89806], [-87.61694, 41.89768], [-87.61685, 41.89755], [-87.61664, 41.89726], [-87.61654, 41.89712], [-87.61636, 41.89688], [-87.61634, 41.89684], [-87.61632, 41.89682], [-87.61621, 41.89665], [-87.61607, 41.89643], [-87.61587, 41.89613], [-87.61581, 41.89604], [-87.61554, 41.89563], [-87.61553, 41.89561], [-87.61526, 41.8952], [-87.61513, 41.895], [-87.61498, 41.89478], [-87.61491, 41.89467], [-87.61485, 41.8946], [-87.61467, 41.89437], [-87.61447, 41.89411], [-87.61436, 41.89398], [-87.61434, 41.89395], [-87.61401, 41.89354], [-87.61369, 41.89313], [-87.61368, 41.89313], [-87.61352, 41.89319], [-87.61337, 41.89323], [-87.61318, 41.89328], [-87.61287, 41.89336], [-87.61267, 41.8934], [-87.61262, 41.89341], [-87.61259, 41.89341], [-87.61255, 41.89341], [-87.61252, 41.89341], [-87.61247, 41.8934], [-87.6124, 41.89339], [-87.61214, 41.89334], [-87.61203, 41.89333], [-87.6119, 41.89352], [-87.61188, 41.89354], [-87.61186, 41.89357], [-87.61185, 41.89358], [-87.61178, 41.8937], [-87.61172, 41.8938], [-87.61163, 41.89394], [-87.61159, 41.894], [-87.61152, 41.89412], [-87.61138, 41.89433], [-87.61137, 41.89435], [-87.61135, 41.89439], [-87.61128, 41.89451], [-87.61123, 41.89457], [-87.6112, 41.89463], [-87.61114, 41.89473], [-87.61112, 41.89476], [-87.61104, 41.89487], [-87.61098, 41.89497], [-87.61095, 41.89501], [-87.61086, 41.89516], [-87.61083, 41.8952], [-87.61079, 41.89527], [-87.61068, 41.89545], [-87.61061, 41.89557], [-87.61054, 41.89567], [-87.61051, 41.8957], [-87.61049, 41.89575], [-87.61048, 41.89577], [-87.61045, 41.89581], [-87.61042, 41.89587], [-87.61038, 41.89593], [-87.61033, 41.896], [-87.61032, 41.89602], [-87.61027, 41.8961], [-87.61018, 41.89621], [-87.61015, 41.89623], [-87.61011, 41.89624], [-87.6101, 41.89624], [-87.61003, 41.89624], [-87.60968, 41.89625], [-87.60943, 41.89626], [-87.60911, 41.89626], [-87.60882, 41.89627], [-87.60851, 41.89627], [-87.60828, 41.89627], [-87.60819, 41.89628], [-87.60812, 41.89627], [-87.60806, 41.89627], [-87.60801, 41.89627], [-87.60798, 41.89627], [-87.60795, 41.89627], [-87.60793, 41.89627], [-87.60792, 41.89626], [-87.60792, 41.89626], [-87.60792, 41.89626], [-87.60792, 41.89625], [-87.6079, 41.89624], [-87.60789, 41.89625], [-87.60787, 41.89625], [-87.60785, 41.89625], [-87.60784, 41.89625], [-87.60783, 41.89625], [-87.60781, 41.89625], [-87.6078, 41.89626], [-87.60778, 41.89625], [-87.60776, 41.89625], [-87.60776, 41.89625], [-87.60774, 41.89625], [-87.60772, 41.89626], [-87.6077, 41.89625], [-87.60768, 41.89625], [-87.60768, 41.89625], [-87.60766, 41.89625], [-87.60765, 41.89625], [-87.60763, 41.89625], [-87.60761, 41.89625], [-87.60761, 41.89625], [-87.60759, 41.89625], [-87.60757, 41.89626], [-87.60755, 41.89625], [-87.60754, 41.89625], [-87.60753, 41.89625], [-87.60752, 41.89625], [-87.60749, 41.89626], [-87.60747, 41.89625], [-87.60746, 41.89625], [-87.60744, 41.89626], [-87.60742, 41.89626], [-87.6074, 41.89626], [-87.60738, 41.89625], [-87.60737, 41.89626], [-87.60735, 41.89626], [-87.60733, 41.89626], [-87.60731, 41.89625], [-87.60731, 41.89625], [-87.60729, 41.89626], [-87.60727, 41.89626], [-87.60725, 41.89626], [-87.60723, 41.89625], [-87.60722, 41.89626], [-87.6072, 41.89626], [-87.60718, 41.89626], [-87.60716, 41.89626], [-87.60714, 41.89626], [-87.60712, 41.89627], [-87.6071, 41.89626], [-87.60708, 41.89626], [-87.60708, 41.89626], [-87.60707, 41.89626], [-87.60705, 41.89627], [-87.60703, 41.89627], [-87.60701, 41.89626], [-87.60701, 41.89626], [-87.60699, 41.89626], [-87.60697, 41.89627], [-87.60695, 41.89626], [-87.60693, 41.89626], [-87.60692, 41.89627], [-87.6069, 41.89627], [-87.60688, 41.89627], [-87.60686, 41.89626], [-87.60686, 41.89626], [-87.60685, 41.89627], [-87.60683, 41.89627], [-87.60681, 41.89627], [-87.60679, 41.89626], [-87.60679, 41.89626], [-87.60677, 41.89627], [-87.60675, 41.89627], [-87.60673, 41.89626], [-87.60671, 41.89626], [-87.6067, 41.89625], [-87.60669, 41.89623], [-87.60655, 41.89624], [-87.60655, 41.89628], [-87.60587, 41.8963], [-87.60586, 41.89625], [-87.60573, 41.89625], [-87.60572, 41.89626], [-87.6057, 41.89627], [-87.60569, 41.89628], [-87.60567, 41.89629], [-87.60565, 41.89628], [-87.60563, 41.89628], [-87.60561, 41.89629], [-87.60559, 41.89629], [-87.60557, 41.89629], [-87.60556, 41.89628], [-87.60556, 41.89628], [-87.60554, 41.89629], [-87.60551, 41.89629], [-87.60549, 41.89629], [-87.60548, 41.89628], [-87.60546, 41.89629], [-87.60544, 41.89629], [-87.60542, 41.89629], [-87.60541, 41.89628], [-87.60541, 41.89628], [-87.60539, 41.89629], [-87.60537, 41.89629], [-87.60535, 41.89629], [-87.60533, 41.89629], [-87.60533, 41.89629], [-87.60532, 41.89629], [-87.6053, 41.8963], [-87.60528, 41.89629], [-87.60526, 41.89629], [-87.60526, 41.89629], [-87.60524, 41.89629], [-87.60522, 41.8963], [-87.60521, 41.8963], [-87.60519, 41.89629], [-87.60519, 41.89629], [-87.60517, 41.89629], [-87.60515, 41.8963], [-87.60515, 41.8963], [-87.60514, 41.8963], [-87.6051, 41.89631], [-87.60508, 41.89632], [-87.60506, 41.89632], [-87.60503, 41.89633], [-87.605, 41.89633], [-87.60496, 41.89633], [-87.60491, 41.89633], [-87.60483, 41.89633], [-87.60479, 41.89633], [-87.60476, 41.89633], [-87.60468, 41.89633], [-87.60462, 41.89633], [-87.60449, 41.89633], [-87.6043, 41.89633], [-87.60422, 41.89633], [-87.60414, 41.89633], [-87.60403, 41.89633], [-87.6039, 41.89634], [-87.60379, 41.89634], [-87.60354, 41.89635], [-87.60313, 41.89636], [-87.60268, 41.89636], [-87.60249, 41.89637], [-87.60243, 41.89637], [-87.60237, 41.89634], [-87.60235, 41.89631], [-87.60235, 41.89626], [-87.60234, 41.89622], [-87.60234, 41.89607], [-87.60234, 41.89604], [-87.60234, 41.89581], [-87.60233, 41.89569], [-87.60233, 41.8956], [-87.60233, 41.89535], [-87.60233, 41.89527], [-87.60232, 41.89505], [-87.60232, 41.89489], [-87.60232, 41.89484], [-87.60231, 41.89467], [-87.60231, 41.89454], [-87.60232, 41.89452], [-87.60232, 41.8944], [-87.60232, 41.89418], [-87.60231, 41.89399], [-87.6023, 41.89355], [-87.60229, 41.89331], [-87.60235, 41.89326], [-87.60371, 41.89324], [-87.60429, 41.89324], [-87.60519, 41.89322], [-87.60982, 41.89315], [-87.60982, 41.89312], [-87.60981, 41.8927], [-87.6098, 41.89229], [-87.6098, 41.89222], [-87.6052, 41.89229], [-87.60446, 41.89231], [-87.60304, 41.89233], [-87.60091, 41.89237], [-87.60091, 41.89238], [-87.60091, 41.89241], [-87.60088, 41.89241], [-87.60087, 41.89241], [-87.60085, 41.89242], [-87.60082, 41.89243], [-87.60078, 41.89244], [-87.60075, 41.89244], [-87.60071, 41.89244], [-87.60068, 41.89244], [-87.60065, 41.89243], [-87.60062, 41.89241], [-87.60059, 41.89242], [-87.60059, 41.89238], [-87.60058, 41.89224], [-87.59855, 41.89227], [-87.59854, 41.89198], [-87.59853, 41.89159], [-87.59852, 41.89145], [-87.60057, 41.89142], [-87.60056, 41.89111], [-87.60059, 41.89111], [-87.60062, 41.8911], [-87.60065, 41.89108], [-87.60069, 41.89108], [-87.60072, 41.89107], [-87.60075, 41.89108], [-87.60079, 41.89108], [-87.60082, 41.89109], [-87.60085, 41.89111], [-87.60085, 41.89111], [-87.60089, 41.89111], [-87.60089, 41.89115], [-87.6017, 41.89114], [-87.60276, 41.89112], [-87.6039, 41.8911], [-87.60452, 41.89109], [-87.60521, 41.89108], [-87.60746, 41.89105], [-87.60954, 41.89101], [-87.60953, 41.8908], [-87.60951, 41.89019], [-87.6095, 41.88978], [-87.60949, 41.88939], [-87.60769, 41.88937], [-87.60769, 41.88937], [-87.60768, 41.88937], [-87.60766, 41.88937], [-87.60766, 41.88936], [-87.60765, 41.88936], [-87.60764, 41.88935], [-87.60764, 41.88928], [-87.60764, 41.88928], [-87.60765, 41.88927], [-87.60765, 41.88926], [-87.60766, 41.88926], [-87.60771, 41.88926], [-87.60767, 41.88923], [-87.60765, 41.88867], [-87.60757, 41.88868], [-87.60751, 41.88864], [-87.60591, 41.88866], [-87.60567, 41.88867], [-87.60546, 41.88867], [-87.60544, 41.88867], [-87.60543, 41.88871], [-87.60524, 41.88871], [-87.6052, 41.88872], [-87.60515, 41.88868], [-87.60474, 41.88868], [-87.60474, 41.88868], [-87.60472, 41.88868], [-87.6047, 41.88867], [-87.60469, 41.88866], [-87.60468, 41.88864], [-87.60467, 41.88863], [-87.60467, 41.88861], [-87.60468, 41.8886], [-87.6047, 41.88858], [-87.60471, 41.88858], [-87.60473, 41.88857], [-87.60473, 41.88857], [-87.60491, 41.88857], [-87.60513, 41.88856], [-87.60521, 41.88845], [-87.60513, 41.88835], [-87.6044, 41.88836], [-87.60374, 41.88837], [-87.60289, 41.88838], [-87.60252, 41.88839], [-87.60252, 41.88839], [-87.6025, 41.88838], [-87.60248, 41.88837], [-87.60247, 41.88836], [-87.60246, 41.88834], [-87.60246, 41.88833], [-87.60246, 41.88831], [-87.60247, 41.8883], [-87.60248, 41.88829], [-87.6025, 41.88828], [-87.60252, 41.88828], [-87.60252, 41.88827], [-87.60292, 41.88827], [-87.60384, 41.88825], [-87.60478, 41.88824], [-87.60514, 41.88823], [-87.60518, 41.88819], [-87.60525, 41.88819], [-87.60541, 41.88819], [-87.60541, 41.88822], [-87.60584, 41.88822], [-87.60599, 41.88822], [-87.60751, 41.88819], [-87.60756, 41.88816], [-87.60781, 41.88815], [-87.60781, 41.88818], [-87.60837, 41.88813], [-87.60847, 41.88812], [-87.60985, 41.88797], [-87.60985, 41.88794], [-87.60985, 41.8879], [-87.60986, 41.88786], [-87.60986, 41.88786], [-87.60987, 41.88784], [-87.60988, 41.88781], [-87.60988, 41.88779], [-87.60988, 41.88777], [-87.60988, 41.88772], [-87.60988, 41.8877], [-87.60988, 41.88759], [-87.60988, 41.88731], [-87.60988, 41.88716], [-87.60988, 41.88715], [-87.60988, 41.88714], [-87.60988, 41.88713], [-87.60989, 41.88713], [-87.6099, 41.88712], [-87.60991, 41.88711], [-87.60992, 41.88711], [-87.60994, 41.88711], [-87.60994, 41.88709], [-87.60994, 41.8869], [-87.60994, 41.88671], [-87.60995, 41.88649], [-87.60995, 41.88612], [-87.60995, 41.88608], [-87.60996, 41.88567], [-87.60996, 41.88557], [-87.60996, 41.88526], [-87.60996, 41.88526], [-87.60996, 41.88518], [-87.60997, 41.88513], [-87.60997, 41.88513], [-87.60997, 41.88507], [-87.60997, 41.88502], [-87.60997, 41.88497], [-87.60998, 41.88484], [-87.60998, 41.8848], [-87.60998, 41.8848], [-87.60998, 41.88478], [-87.60997, 41.88477], [-87.60997, 41.88474], [-87.60997, 41.88469], [-87.60998, 41.88463], [-87.60997, 41.88463], [-87.60997, 41.88449], [-87.60998, 41.88449], [-87.60998, 41.88445], [-87.60998, 41.88443], [-87.60998, 41.88436], [-87.60997, 41.88436], [-87.60997, 41.88422], [-87.60998, 41.88421], [-87.60999, 41.88408], [-87.6116, 41.88407], [-87.61274, 41.88406], [-87.61274, 41.88404], [-87.61274, 41.88381], [-87.61274, 41.88377], [-87.61275, 41.88372], [-87.61276, 41.88368], [-87.61277, 41.88363], [-87.61277, 41.88363], [-87.61279, 41.88358], [-87.61281, 41.88353], [-87.61283, 41.88348], [-87.61285, 41.88344], [-87.61288, 41.88339], [-87.61291, 41.88335], [-87.61294, 41.88331], [-87.61298, 41.88326], [-87.61302, 41.88322], [-87.61303, 41.88321], [-87.61308, 41.88316], [-87.61314, 41.88311], [-87.61319, 41.88307], [-87.61325, 41.88302], [-87.61331, 41.88298], [-87.61338, 41.88294], [-87.61344, 41.8829], [-87.61351, 41.88286], [-87.61357, 41.88282], [-87.6136, 41.88281], [-87.61364, 41.88279], [-87.61371, 41.88276], [-87.61379, 41.88273], [-87.61386, 41.8827], [-87.61398, 41.88266], [-87.6141, 41.88262], [-87.61422, 41.88259], [-87.61434, 41.88257], [-87.61446, 41.88254], [-87.61449, 41.88254], [-87.61459, 41.88253], [-87.61467, 41.88252], [-87.61488, 41.88251], [-87.615, 41.8825], [-87.61518, 41.8825], [-87.61546, 41.88249], [-87.61555, 41.88248], [-87.61563, 41.88247], [-87.61571, 41.88246], [-87.61579, 41.88244], [-87.61587, 41.88241], [-87.61593, 41.88239], [-87.616, 41.88236], [-87.61606, 41.88233], [-87.61612, 41.88229], [-87.61618, 41.88225], [-87.61624, 41.88221], [-87.61629, 41.88216], [-87.61633, 41.88211], [-87.61635, 41.8821], [-87.61636, 41.88208], [-87.6164, 41.88202], [-87.61643, 41.88196], [-87.61646, 41.8819], [-87.61648, 41.88184], [-87.6165, 41.88178], [-87.61651, 41.88173], [-87.6165, 41.88168], [-87.6165, 41.88141], [-87.61575, 41.88142], [-87.61575, 41.88128], [-87.61573, 41.88088], [-87.61573, 41.88087], [-87.61572, 41.88057], [-87.61629, 41.88055], [-87.61637, 41.88055], [-87.61645, 41.88055], [-87.61648, 41.88056], [-87.61647, 41.88045], [-87.61646, 41.88004], [-87.61646, 41.87978], [-87.61637, 41.87978], [-87.61637, 41.87962], [-87.61636, 41.87921], [-87.61635, 41.8788], [-87.61635, 41.8785], [-87.61635, 41.87839], [-87.61634, 41.87809], [-87.61634, 41.87798], [-87.61634, 41.87783], [-87.61632, 41.87783], [-87.61631, 41.87782], [-87.6163, 41.87782], [-87.61628, 41.87757], [-87.61627, 41.87742], [-87.61625, 41.87716], [-87.61624, 41.87702], [-87.61623, 41.87674], [-87.61622, 41.87662], [-87.61621, 41.87636], [-87.61621, 41.87633], [-87.61619, 41.87601], [-87.61619, 41.87592], [-87.61618, 41.87567], [-87.61618, 41.87551], [-87.61618, 41.87532], [-87.61618, 41.8751], [-87.61618, 41.87497], [-87.61619, 41.87469], [-87.61619, 41.87463], [-87.61621, 41.87428], [-87.61621, 41.87427], [-87.61622, 41.87402], [-87.61622, 41.87395], [-87.61625, 41.87395], [-87.61624, 41.87386], [-87.61624, 41.87377], [-87.61623, 41.87345], [-87.61622, 41.87304], [-87.61621, 41.87263], [-87.61621, 41.87244], [-87.61621, 41.87227], [-87.6162, 41.87222], [-87.6162, 41.87197], [-87.61628, 41.87197], [-87.61627, 41.8718], [-87.61627, 41.87178], [-87.61625, 41.87176], [-87.61624, 41.87173], [-87.61623, 41.87171], [-87.61623, 41.87163], [-87.61625, 41.8716], [-87.61626, 41.87159], [-87.61627, 41.87157], [-87.61627, 41.87156], [-87.61626, 41.87139], [-87.61625, 41.87098], [-87.61625, 41.87079], [-87.61625, 41.87057], [-87.61624, 41.87016], [-87.61623, 41.86981], [-87.61623, 41.86975], [-87.61622, 41.86933], [-87.61621, 41.86892], [-87.61621, 41.8689], [-87.61612, 41.86887], [-87.61603, 41.86883], [-87.61594, 41.86879], [-87.61586, 41.86875], [-87.61578, 41.8687], [-87.61571, 41.86865], [-87.61563, 41.8686], [-87.61557, 41.86854], [-87.61554, 41.86852], [-87.6155, 41.86848], [-87.61544, 41.86842], [-87.61539, 41.86836], [-87.61535, 41.8683], [-87.61474, 41.86832], [-87.61466, 41.86836], [-87.61465, 41.86836], [-87.61458, 41.86839], [-87.61449, 41.86842], [-87.6144, 41.86845], [-87.61431, 41.86847], [-87.61422, 41.86848], [-87.61414, 41.86849], [-87.61397, 41.8685], [-87.61381, 41.86851], [-87.61364, 41.86851], [-87.61347, 41.8685], [-87.6133, 41.86849], [-87.6133, 41.86849], [-87.61321, 41.86848], [-87.61313, 41.86846], [-87.61306, 41.86844], [-87.61298, 41.86841], [-87.61291, 41.86838], [-87.61284, 41.86835], [-87.61277, 41.86831], [-87.61271, 41.86827], [-87.61265, 41.86822], [-87.6126, 41.86818], [-87.61257, 41.86815], [-87.61255, 41.86813], [-87.6125, 41.86807], [-87.61246, 41.86802], [-87.61245, 41.868], [-87.61242, 41.86794], [-87.61239, 41.86788], [-87.61237, 41.86782], [-87.61235, 41.86776], [-87.61235, 41.86774], [-87.61234, 41.8677], [-87.61233, 41.86763], [-87.61233, 41.86757], [-87.61234, 41.86751], [-87.61235, 41.86745], [-87.61237, 41.86738], [-87.61239, 41.86733], [-87.6124, 41.86733], [-87.61242, 41.86727], [-87.61246, 41.86721], [-87.61249, 41.86717], [-87.61251, 41.86714], [-87.61253, 41.86711], [-87.61259, 41.86706], [-87.61265, 41.86701], [-87.61269, 41.86697], [-87.61269, 41.86691], [-87.61269, 41.86675], [-87.61066, 41.86678], [-87.61065, 41.86679], [-87.61064, 41.86681], [-87.61062, 41.86681], [-87.6106, 41.86682], [-87.61058, 41.86682], [-87.60958, 41.86683], [-87.60813, 41.86685], [-87.60775, 41.86686], [-87.6077, 41.86691], [-87.60765, 41.86696], [-87.60759, 41.867], [-87.60753, 41.86704], [-87.60746, 41.86708], [-87.6074, 41.86711], [-87.60739, 41.86711], [-87.60732, 41.86714], [-87.60724, 41.86717], [-87.60717, 41.86719], [-87.60709, 41.86721], [-87.60701, 41.86723], [-87.60692, 41.86724], [-87.60684, 41.86724], [-87.60676, 41.86724], [-87.60668, 41.86724], [-87.60659, 41.86723], [-87.60651, 41.86722], [-87.60643, 41.8672], [-87.60635, 41.86718], [-87.60628, 41.86716], [-87.6062, 41.86713], [-87.60614, 41.8671], [-87.60613, 41.8671], [-87.60607, 41.86706], [-87.606, 41.86702], [-87.60594, 41.86698], [-87.60589, 41.86693], [-87.60584, 41.86688], [-87.60579, 41.86683], [-87.60575, 41.86678], [-87.60571, 41.86672], [-87.60568, 41.86667], [-87.60565, 41.86661], [-87.60563, 41.86655], [-87.60562, 41.86649], [-87.60561, 41.86642], [-87.60561, 41.86636], [-87.60561, 41.8663], [-87.60562, 41.86624], [-87.60564, 41.86618], [-87.60566, 41.86612], [-87.60568, 41.86606], [-87.60572, 41.866], [-87.60575, 41.86595], [-87.60579, 41.86589], [-87.60584, 41.86584], [-87.60589, 41.86579], [-87.60595, 41.86575], [-87.60601, 41.86571], [-87.60605, 41.86568], [-87.60605, 41.86491], [-87.60605, 41.86486], [-87.60605, 41.86479], [-87.60629, 41.86479], [-87.60629, 41.86486], [-87.6063, 41.86493], [-87.60631, 41.86497], [-87.60634, 41.865], [-87.60636, 41.86502], [-87.60639, 41.86504], [-87.60647, 41.8651], [-87.6065, 41.86513], [-87.60652, 41.86514], [-87.60653, 41.86516], [-87.60654, 41.86518], [-87.60656, 41.8652], [-87.60659, 41.86521], [-87.60661, 41.86522], [-87.60664, 41.86523], [-87.60667, 41.86523], [-87.60674, 41.86522], [-87.60681, 41.8652], [-87.60687, 41.86518], [-87.60693, 41.86516], [-87.60699, 41.86513], [-87.60704, 41.86509], [-87.60709, 41.86506], [-87.60711, 41.86504], [-87.60718, 41.86499], [-87.60724, 41.86493], [-87.6073, 41.86487], [-87.60733, 41.86485], [-87.60736, 41.86481], [-87.60741, 41.86475], [-87.60745, 41.86468], [-87.60747, 41.86465], [-87.60751, 41.86456], [-87.60754, 41.86447], [-87.60755, 41.86443], [-87.60757, 41.86437], [-87.60757, 41.86436], [-87.60758, 41.86427], [-87.60758, 41.86419], [-87.60758, 41.8641], [-87.60756, 41.86402], [-87.60756, 41.86402], [-87.60755, 41.86393], [-87.60753, 41.86385], [-87.6075, 41.86376], [-87.60748, 41.86372], [-87.60743, 41.86361], [-87.60733, 41.86337], [-87.60727, 41.8632], [-87.60719, 41.86302], [-87.60711, 41.86279], [-87.60709, 41.86274], [-87.607, 41.8625], [-87.60699, 41.86245], [-87.60698, 41.86241], [-87.60696, 41.86238], [-87.60695, 41.86237], [-87.60692, 41.86235], [-87.60688, 41.86233], [-87.60684, 41.86233], [-87.60681, 41.86231], [-87.60679, 41.86227], [-87.60678, 41.86225], [-87.60677, 41.86222], [-87.60677, 41.86221], [-87.60675, 41.8622], [-87.60674, 41.86219], [-87.60672, 41.86218], [-87.60671, 41.86218], [-87.60669, 41.86218], [-87.60665, 41.86217], [-87.60662, 41.86216], [-87.60653, 41.8622], [-87.60641, 41.86207], [-87.60609, 41.86207], [-87.60608, 41.86206], [-87.60604, 41.86205], [-87.60603, 41.86203], [-87.60602, 41.86201], [-87.60602, 41.86201], [-87.60602, 41.86198], [-87.60601, 41.86157], [-87.60599, 41.86127], [-87.60599, 41.86115], [-87.60598, 41.86074], [-87.60597, 41.8605], [-87.60597, 41.86033], [-87.60597, 41.86024], [-87.60596, 41.86008], [-87.60642, 41.86007], [-87.60684, 41.86006], [-87.60707, 41.85996], [-87.60707, 41.85991], [-87.60704, 41.8595], [-87.60701, 41.85909], [-87.60701, 41.85908], [-87.60698, 41.85867], [-87.60695, 41.85826], [-87.60694, 41.85817], [-87.60692, 41.85785], [-87.60689, 41.85744], [-87.60688, 41.85738], [-87.60687, 41.85717], [-87.60686, 41.85703], [-87.60683, 41.85662], [-87.60681, 41.85644], [-87.60679, 41.85621], [-87.60676, 41.85579], [-87.60675, 41.85571], [-87.60675, 41.85563], [-87.60673, 41.85538], [-87.60671, 41.85497], [-87.6067, 41.85484], [-87.60668, 41.85456], [-87.60665, 41.85415], [-87.60664, 41.85405], [-87.60663, 41.85386], [-87.60662, 41.85374], [-87.6066, 41.85341], [-87.60651, 41.85342], [-87.60651, 41.85338], [-87.60651, 41.85336], [-87.6069, 41.85332], [-87.6075, 41.85327], [-87.60784, 41.85324], [-87.60839, 41.8532], [-87.60868, 41.85318], [-87.60876, 41.85317], [-87.60884, 41.85317], [-87.60892, 41.85317], [-87.609, 41.85318], [-87.60908, 41.85319], [-87.60916, 41.85321], [-87.60924, 41.85323], [-87.60932, 41.85326], [-87.60939, 41.85328], [-87.60942, 41.8533], [-87.60946, 41.85332], [-87.60953, 41.85335], [-87.60959, 41.85339], [-87.6096, 41.8534], [-87.60963, 41.85342], [-87.60968, 41.85347], [-87.60973, 41.85351], [-87.60978, 41.85356], [-87.60981, 41.85361], [-87.60985, 41.85366], [-87.60987, 41.8537], [-87.60987, 41.85372], [-87.6099, 41.85377], [-87.60991, 41.85383], [-87.60991, 41.85383], [-87.60992, 41.85388], [-87.60993, 41.85393], [-87.60992, 41.85398], [-87.60991, 41.85404], [-87.60991, 41.85405], [-87.6099, 41.85412], [-87.60984, 41.85442], [-87.60982, 41.85453], [-87.60974, 41.85494], [-87.6097, 41.85512], [-87.60965, 41.85535], [-87.60957, 41.85577], [-87.60955, 41.85589], [-87.60949, 41.85618], [-87.60945, 41.85641], [-87.60944, 41.85645], [-87.60943, 41.85648], [-87.60941, 41.85652], [-87.6094, 41.85653], [-87.60938, 41.85658], [-87.60937, 41.85659], [-87.60936, 41.85662], [-87.60934, 41.85667], [-87.60933, 41.85672], [-87.60933, 41.85677], [-87.60934, 41.85682], [-87.60934, 41.85687], [-87.60936, 41.85691], [-87.60938, 41.85696], [-87.60941, 41.857], [-87.60941, 41.857], [-87.60944, 41.85705], [-87.60944, 41.85705], [-87.60946, 41.85708], [-87.60953, 41.85713], [-87.6096, 41.85719], [-87.60966, 41.85725], [-87.60972, 41.85731], [-87.60977, 41.85738], [-87.60979, 41.85741], [-87.60982, 41.85744], [-87.60986, 41.85751], [-87.60989, 41.85758], [-87.60992, 41.85766], [-87.60995, 41.85773], [-87.60997, 41.8578], [-87.60997, 41.85782], [-87.60997, 41.85783], [-87.60999, 41.85803], [-87.60999, 41.85808], [-87.60999, 41.85813], [-87.60998, 41.85819], [-87.60997, 41.85823], [-87.60996, 41.85824], [-87.60994, 41.85829], [-87.60994, 41.85829], [-87.60991, 41.85839], [-87.60989, 41.85844], [-87.60988, 41.85849], [-87.60988, 41.85854], [-87.60988, 41.85859], [-87.60989, 41.85864], [-87.60989, 41.85864], [-87.6099, 41.85869], [-87.60992, 41.85874], [-87.60994, 41.85879], [-87.60997, 41.85884], [-87.61001, 41.85888], [-87.61005, 41.85892], [-87.61007, 41.85895], [-87.61017, 41.85902], [-87.61021, 41.85905], [-87.61022, 41.85906], [-87.61028, 41.8591], [-87.61032, 41.85912], [-87.61036, 41.85914], [-87.61039, 41.85916], [-87.61042, 41.85919], [-87.61045, 41.85922], [-87.61046, 41.85925], [-87.61048, 41.85928], [-87.61048, 41.85931], [-87.61048, 41.85935], [-87.61048, 41.85939], [-87.61046, 41.85943], [-87.61045, 41.85946], [-87.61045, 41.85946], [-87.61042, 41.85952], [-87.6104, 41.85958], [-87.61038, 41.85964], [-87.61036, 41.85971], [-87.61036, 41.85975], [-87.61036, 41.85981], [-87.61036, 41.85986], [-87.61036, 41.85987], [-87.61037, 41.85992], [-87.61039, 41.85998], [-87.61043, 41.86008], [-87.61044, 41.86011], [-87.61046, 41.86013], [-87.61049, 41.86015], [-87.61051, 41.86017], [-87.61055, 41.86018], [-87.61058, 41.86019], [-87.6106, 41.8602], [-87.61067, 41.86021], [-87.61067, 41.86027], [-87.61067, 41.86028], [-87.61067, 41.86065], [-87.61064, 41.86065], [-87.6106, 41.86066], [-87.61056, 41.86067], [-87.61053, 41.86069], [-87.61052, 41.8607], [-87.6105, 41.86071], [-87.61048, 41.86073], [-87.61045, 41.86075], [-87.61044, 41.86078], [-87.61043, 41.86081], [-87.61042, 41.86084], [-87.61042, 41.86085], [-87.61035, 41.86085], [-87.61035, 41.86111], [-87.61036, 41.8614], [-87.61028, 41.8614], [-87.61021, 41.86152], [-87.61009, 41.8617], [-87.61004, 41.8618], [-87.60998, 41.8619], [-87.60997, 41.86194], [-87.60994, 41.86201], [-87.6099, 41.86211], [-87.60988, 41.86215], [-87.60982, 41.86235], [-87.60978, 41.86249], [-87.6098, 41.86249], [-87.60974, 41.86274], [-87.60973, 41.86276], [-87.60971, 41.86287], [-87.60969, 41.863], [-87.60968, 41.86313], [-87.60968, 41.86317], [-87.60967, 41.86325], [-87.60966, 41.86325], [-87.60965, 41.86329], [-87.60963, 41.86329], [-87.60963, 41.86337], [-87.60965, 41.86338], [-87.60965, 41.8634], [-87.60961, 41.86341], [-87.60961, 41.86351], [-87.60965, 41.86351], [-87.60965, 41.86359], [-87.60966, 41.86363], [-87.60968, 41.86375], [-87.6097, 41.86387], [-87.60972, 41.864], [-87.60974, 41.86409], [-87.60976, 41.86417], [-87.60979, 41.86425], [-87.60981, 41.86429], [-87.60986, 41.86441], [-87.60989, 41.86447], [-87.60989, 41.86446], [-87.60997, 41.86463], [-87.60996, 41.86463], [-87.61003, 41.86477], [-87.61005, 41.86482], [-87.6101, 41.8649], [-87.61018, 41.86504], [-87.61026, 41.86516], [-87.61031, 41.86523], [-87.61037, 41.86532], [-87.61042, 41.86532], [-87.61045, 41.86532], [-87.61046, 41.86539], [-87.61047, 41.86571], [-87.61048, 41.86586], [-87.61158, 41.86586], [-87.61267, 41.86584], [-87.61266, 41.86568], [-87.61265, 41.86528], [-87.61274, 41.86529], [-87.61279, 41.8652], [-87.61285, 41.86508], [-87.61295, 41.86487], [-87.61298, 41.86479], [-87.61304, 41.86466], [-87.61313, 41.86445], [-87.61316, 41.86437], [-87.61316, 41.86437], [-87.61321, 41.86425], [-87.61325, 41.86414], [-87.61329, 41.86403], [-87.61329, 41.864], [-87.6133, 41.86396], [-87.6134, 41.86355], [-87.6134, 41.86355], [-87.61342, 41.86346], [-87.61344, 41.86337], [-87.61345, 41.86328], [-87.61345, 41.86319], [-87.61345, 41.86317], [-87.61346, 41.86314], [-87.61346, 41.86309], [-87.61345, 41.86302], [-87.61344, 41.86294], [-87.61343, 41.86286], [-87.61343, 41.86285], [-87.61339, 41.86273], [-87.61339, 41.86272], [-87.61335, 41.86261], [-87.61331, 41.86249], [-87.61326, 41.86238], [-87.61323, 41.86231], [-87.6132, 41.86226], [-87.61317, 41.86219], [-87.6131, 41.86206], [-87.61303, 41.86193], [-87.61302, 41.86191], [-87.61295, 41.8618], [-87.61287, 41.86167], [-87.61278, 41.86155], [-87.61274, 41.8615], [-87.61269, 41.86143], [-87.61265, 41.86137], [-87.61256, 41.86137], [-87.61255, 41.86109], [-87.61255, 41.86082], [-87.61247, 41.86083], [-87.61247, 41.86079], [-87.61246, 41.86077], [-87.61246, 41.86076], [-87.61245, 41.86076], [-87.61242, 41.86071], [-87.61239, 41.86068], [-87.61238, 41.86068], [-87.61236, 41.86067], [-87.61232, 41.86065], [-87.61229, 41.86064], [-87.61225, 41.86064], [-87.61221, 41.86063], [-87.6122, 41.86063], [-87.61221, 41.86046], [-87.61239, 41.86045], [-87.61239, 41.86035], [-87.6122, 41.86035], [-87.6122, 41.86035], [-87.61215, 41.86035], [-87.61215, 41.86028], [-87.61215, 41.86027], [-87.61215, 41.86027], [-87.61219, 41.86027], [-87.61218, 41.86018], [-87.61232, 41.86015], [-87.61241, 41.86008], [-87.61244, 41.85999], [-87.61244, 41.85992], [-87.61242, 41.85985], [-87.61242, 41.85985], [-87.6124, 41.85979], [-87.6124, 41.85977], [-87.61237, 41.85968], [-87.61235, 41.85964], [-87.61233, 41.8596], [-87.61232, 41.85957], [-87.61228, 41.85949], [-87.61226, 41.85944], [-87.61224, 41.8594], [-87.61222, 41.85933], [-87.6122, 41.85927], [-87.61218, 41.85903], [-87.61217, 41.85893], [-87.61217, 41.85867], [-87.61218, 41.85862], [-87.61219, 41.85858], [-87.61227, 41.85851], [-87.6124, 41.85849], [-87.61254, 41.85849], [-87.61264, 41.85843], [-87.61272, 41.85836], [-87.61277, 41.8583], [-87.6128, 41.85825], [-87.61283, 41.8582], [-87.61284, 41.85819], [-87.61286, 41.85813], [-87.61287, 41.8581], [-87.61292, 41.85798], [-87.61297, 41.85786], [-87.61299, 41.85779], [-87.61301, 41.85773], [-87.61304, 41.85761], [-87.61306, 41.85751], [-87.61306, 41.8575], [-87.61306, 41.85738], [-87.61307, 41.85726], [-87.61307, 41.85718], [-87.61307, 41.85711], [-87.61305, 41.85703], [-87.61305, 41.857], [-87.61304, 41.85697], [-87.61304, 41.85696], [-87.61301, 41.85686], [-87.61297, 41.85676], [-87.61293, 41.85666], [-87.6129, 41.85658], [-87.61289, 41.85655], [-87.61288, 41.8565], [-87.61286, 41.85642], [-87.61285, 41.85636], [-87.61282, 41.85628], [-87.61278, 41.85621], [-87.61274, 41.85614], [-87.61273, 41.85613], [-87.61268, 41.85606], [-87.61263, 41.856], [-87.61257, 41.85593], [-87.6125, 41.85587], [-87.61248, 41.85584], [-87.6124, 41.85578], [-87.61234, 41.85574], [-87.61232, 41.85572], [-87.61224, 41.85566], [-87.61215, 41.85561], [-87.61215, 41.85561], [-87.61171, 41.85533], [-87.61149, 41.8552], [-87.61143, 41.85515], [-87.61136, 41.8551], [-87.61131, 41.85504], [-87.61125, 41.85499], [-87.6112, 41.85493], [-87.6112, 41.85493], [-87.61116, 41.85486], [-87.61112, 41.8548], [-87.61109, 41.85473], [-87.61106, 41.85466], [-87.61104, 41.85458], [-87.61102, 41.85452], [-87.61102, 41.8545], [-87.61101, 41.85443], [-87.61101, 41.85438], [-87.61101, 41.85429], [-87.61101, 41.85419], [-87.611, 41.8541], [-87.611, 41.85409], [-87.611, 41.85409], [-87.61098, 41.85396], [-87.61096, 41.85384], [-87.61094, 41.85371], [-87.61093, 41.85369], [-87.6109, 41.85358], [-87.61087, 41.85346], [-87.61086, 41.85345], [-87.61085, 41.85341], [-87.61082, 41.85333], [-87.6108, 41.85328], [-87.61077, 41.8532], [-87.61072, 41.85308], [-87.61066, 41.85296], [-87.61061, 41.85287], [-87.61059, 41.85284], [-87.61052, 41.85272], [-87.61048, 41.85266], [-87.61037, 41.8525], [-87.61034, 41.85246], [-87.61026, 41.85235], [-87.61014, 41.8522], [-87.61002, 41.85206], [-87.61001, 41.85205], [-87.60992, 41.85194], [-87.60968, 41.85165], [-87.60949, 41.85142], [-87.60944, 41.85135], [-87.60939, 41.85128], [-87.60936, 41.85124], [-87.60934, 41.85121], [-87.6093, 41.85114], [-87.60927, 41.85106], [-87.60924, 41.85099], [-87.60922, 41.85091], [-87.60921, 41.85083], [-87.60921, 41.85083], [-87.6092, 41.85077], [-87.60919, 41.85069], [-87.60919, 41.85061], [-87.60919, 41.85053], [-87.6092, 41.85045], [-87.6092, 41.85042], [-87.60921, 41.85037], [-87.60922, 41.85035], [-87.60929, 41.85001], [-87.60937, 41.84959], [-87.60937, 41.84958], [-87.60944, 41.84925], [-87.60946, 41.84918], [-87.60947, 41.84913], [-87.6095, 41.84898], [-87.60951, 41.8489], [-87.60952, 41.84882], [-87.60952, 41.84873], [-87.60952, 41.8487], [-87.60954, 41.8487], [-87.60951, 41.84833], [-87.60949, 41.84807], [-87.60948, 41.848], [-87.60946, 41.84792], [-87.60943, 41.84785], [-87.6094, 41.84778], [-87.60937, 41.84771], [-87.60933, 41.84764], [-87.6093, 41.8476], [-87.60905, 41.84726], [-87.60872, 41.84683], [-87.60858, 41.84664], [-87.60854, 41.84658], [-87.60852, 41.84653], [-87.6085, 41.84651], [-87.60847, 41.84644], [-87.60845, 41.84636], [-87.60843, 41.84629], [-87.60842, 41.84622], [-87.60841, 41.84614], [-87.60841, 41.84607], [-87.60841, 41.84602], [-87.60842, 41.84595], [-87.60843, 41.84588], [-87.60845, 41.84581], [-87.60847, 41.84574], [-87.6085, 41.84567], [-87.60854, 41.84561], [-87.60855, 41.84559], [-87.60861, 41.8455], [-87.60868, 41.8454], [-87.60876, 41.84531], [-87.6088, 41.84526], [-87.609, 41.84501], [-87.60904, 41.84494], [-87.60908, 41.84487], [-87.60911, 41.8448], [-87.60913, 41.84473], [-87.60915, 41.84466], [-87.60916, 41.84459], [-87.60917, 41.84452], [-87.60917, 41.84446], [-87.60915, 41.84424], [-87.60907, 41.84419], [-87.60901, 41.84411], [-87.60897, 41.84404], [-87.60892, 41.84396], [-87.6089, 41.84387], [-87.60887, 41.8438], [-87.60885, 41.8437], [-87.60881, 41.84357], [-87.60877, 41.84336], [-87.60872, 41.84331], [-87.60867, 41.84322], [-87.60858, 41.84307], [-87.60847, 41.84295], [-87.60839, 41.84282], [-87.60827, 41.84265], [-87.60818, 41.84251], [-87.60807, 41.84237], [-87.60802, 41.84231], [-87.60802, 41.84218], [-87.608, 41.84197], [-87.60798, 41.84179], [-87.60798, 41.84165], [-87.60798, 41.84151], [-87.60798, 41.8414], [-87.60795, 41.84127], [-87.60789, 41.84113], [-87.60785, 41.84103], [-87.60773, 41.84089], [-87.60766, 41.84076], [-87.60758, 41.84064], [-87.60753, 41.84056], [-87.60698, 41.84067], [-87.60668, 41.84056], [-87.60671, 41.8405], [-87.60699, 41.8406], [-87.6075, 41.8405], [-87.60746, 41.84046], [-87.60744, 41.84042], [-87.60743, 41.84039], [-87.60744, 41.84037], [-87.60745, 41.84035], [-87.60741, 41.84027], [-87.60735, 41.8401], [-87.60721, 41.83965], [-87.6071, 41.83951], [-87.607, 41.83946], [-87.60694, 41.83943], [-87.6069, 41.83941], [-87.60683, 41.83937], [-87.60676, 41.83934], [-87.6067, 41.8393], [-87.60666, 41.83927], [-87.60662, 41.83924], [-87.60658, 41.83921], [-87.60651, 41.83914], [-87.60647, 41.8391], [-87.60645, 41.83908], [-87.60616, 41.83864], [-87.60471, 41.83896], [-87.60428, 41.83958], [-87.60427, 41.83983], [-87.60419, 41.83983], [-87.6042, 41.83955], [-87.60467, 41.83888], [-87.60613, 41.83855], [-87.60614, 41.83852], [-87.60613, 41.83844], [-87.60612, 41.8383], [-87.6061, 41.83816], [-87.60608, 41.83802], [-87.6061, 41.83784], [-87.6061, 41.83765], [-87.60609, 41.83746], [-87.60607, 41.83729], [-87.60602, 41.8371], [-87.60597, 41.83687], [-87.60591, 41.83665], [-87.60585, 41.83644], [-87.60577, 41.83631], [-87.60566, 41.83612], [-87.60552, 41.83596], [-87.60531, 41.83568], [-87.60509, 41.83546], [-87.60482, 41.83522], [-87.60464, 41.83507], [-87.60456, 41.83499], [-87.60454, 41.83481], [-87.60473, 41.83459], [-87.60503, 41.83442], [-87.605, 41.83426], [-87.60494, 41.83404], [-87.60487, 41.8338], [-87.60475, 41.8336], [-87.60463, 41.83344], [-87.60455, 41.83335], [-87.60444, 41.83326], [-87.60435, 41.8332], [-87.60423, 41.83314], [-87.60407, 41.83308], [-87.60392, 41.83304], [-87.60375, 41.83302], [-87.60361, 41.83302], [-87.60349, 41.83301], [-87.60335, 41.83297], [-87.60323, 41.83291], [-87.60313, 41.83284], [-87.60301, 41.83273], [-87.60291, 41.8326], [-87.6028, 41.83247], [-87.6027, 41.83233], [-87.60271, 41.83224], [-87.60273, 41.83206], [-87.60276, 41.83185], [-87.60277, 41.83177], [-87.60274, 41.83163], [-87.60273, 41.83149], [-87.60271, 41.83135], [-87.60267, 41.83123], [-87.60259, 41.83102], [-87.6025, 41.83085], [-87.60239, 41.83069], [-87.60224, 41.83053], [-87.60209, 41.83038], [-87.60193, 41.83024], [-87.60172, 41.83006], [-87.60164, 41.82998], [-87.60148, 41.82979], [-87.60141, 41.82969], [-87.60123, 41.82945], [-87.60099, 41.82915], [-87.60067, 41.82874], [-87.6003, 41.82827], [-87.60016, 41.82816], [-87.60006, 41.82802], [-87.59997, 41.82793], [-87.59982, 41.82783], [-87.59958, 41.82766], [-87.59939, 41.82752], [-87.59921, 41.82739], [-87.59903, 41.82728], [-87.59887, 41.82718], [-87.5987, 41.82706], [-87.59856, 41.82697], [-87.59841, 41.82689], [-87.59826, 41.8268], [-87.59808, 41.82665], [-87.59795, 41.82656], [-87.59785, 41.82645], [-87.59775, 41.82634], [-87.59764, 41.82617], [-87.59758, 41.82605], [-87.59754, 41.82591], [-87.59751, 41.82579], [-87.59748, 41.82564], [-87.59748, 41.8255], [-87.59751, 41.82535], [-87.59754, 41.82521], [-87.59758, 41.82509], [-87.59762, 41.82493], [-87.59766, 41.82474], [-87.5977, 41.82457], [-87.59768, 41.82433], [-87.59766, 41.8242], [-87.59763, 41.82403], [-87.59756, 41.82381], [-87.59753, 41.82371], [-87.59747, 41.82354], [-87.59741, 41.82342], [-87.59734, 41.82321], [-87.59733, 41.82311], [-87.5973, 41.82306], [-87.59728, 41.823], [-87.59727, 41.82297], [-87.59726, 41.82292], [-87.59725, 41.8229], [-87.59725, 41.82285], [-87.59725, 41.82282], [-87.59725, 41.8228], [-87.59725, 41.8228], [-87.59725, 41.8228], [-87.59727, 41.8228], [-87.59728, 41.8228], [-87.5973, 41.82282], [-87.59733, 41.82285], [-87.59734, 41.82285], [-87.59734, 41.82284], [-87.59735, 41.82283], [-87.59734, 41.8228], [-87.59732, 41.82277], [-87.59733, 41.82275], [-87.59733, 41.82274], [-87.59729, 41.82272], [-87.59726, 41.8227], [-87.59725, 41.82268], [-87.59725, 41.82265], [-87.59726, 41.82264], [-87.59727, 41.82263], [-87.59727, 41.82262], [-87.5972, 41.82261], [-87.5972, 41.8226], [-87.5972, 41.82258], [-87.59721, 41.82257], [-87.59713, 41.82254], [-87.59711, 41.82252], [-87.5971, 41.82247], [-87.59709, 41.82241], [-87.59706, 41.82237], [-87.59704, 41.82233], [-87.59704, 41.82228], [-87.59702, 41.82223], [-87.597, 41.82221], [-87.59698, 41.82219], [-87.59696, 41.82217], [-87.59693, 41.82214], [-87.59687, 41.82205], [-87.59685, 41.82198], [-87.59684, 41.82196], [-87.59683, 41.82195], [-87.59679, 41.82192], [-87.59675, 41.82188], [-87.59668, 41.82183], [-87.59664, 41.82177], [-87.59659, 41.82169], [-87.59655, 41.82165], [-87.59648, 41.82158], [-87.59642, 41.82151], [-87.59636, 41.82145], [-87.59632, 41.82142], [-87.59631, 41.82141], [-87.5962, 41.82133], [-87.59615, 41.82126], [-87.59611, 41.8212], [-87.59606, 41.82114], [-87.59597, 41.821], [-87.59595, 41.82095], [-87.5959, 41.8209], [-87.59586, 41.82084], [-87.59582, 41.82077], [-87.5958, 41.82071], [-87.59578, 41.82066], [-87.59576, 41.82063], [-87.59571, 41.82056], [-87.59569, 41.82053], [-87.59569, 41.82049], [-87.5957, 41.82047], [-87.59571, 41.82046], [-87.59573, 41.82043], [-87.59572, 41.82042], [-87.59569, 41.82039], [-87.59568, 41.82036], [-87.59565, 41.82032], [-87.59554, 41.82023], [-87.59549, 41.82016], [-87.59512, 41.81981], [-87.59491, 41.81978], [-87.59479, 41.81975], [-87.59469, 41.81973], [-87.59462, 41.8197], [-87.59457, 41.81964], [-87.5945, 41.81957], [-87.59444, 41.81952], [-87.59433, 41.81943], [-87.59423, 41.81938], [-87.59414, 41.81933], [-87.59404, 41.81925], [-87.59391, 41.81918], [-87.5938, 41.81911], [-87.5937, 41.81904], [-87.59364, 41.81899], [-87.5936, 41.81894], [-87.59355, 41.81887], [-87.59349, 41.81881], [-87.59342, 41.81877], [-87.59335, 41.81873], [-87.59326, 41.81869], [-87.59314, 41.81865], [-87.59306, 41.81861], [-87.59296, 41.81857], [-87.59287, 41.81852], [-87.59278, 41.81846], [-87.59268, 41.8184], [-87.59262, 41.81834], [-87.59256, 41.81828], [-87.59251, 41.81819], [-87.59245, 41.81812], [-87.59239, 41.81805], [-87.59234, 41.81797], [-87.59229, 41.81788], [-87.59224, 41.81779], [-87.59219, 41.81768], [-87.59218, 41.8176], [-87.59217, 41.81747], [-87.59217, 41.81727], [-87.59217, 41.81711], [-87.59215, 41.81693], [-87.59215, 41.8168], [-87.59216, 41.81658], [-87.59214, 41.81655], [-87.59211, 41.8165], [-87.59209, 41.81646], [-87.59207, 41.81642], [-87.59205, 41.81639], [-87.59203, 41.81637], [-87.59201, 41.81632], [-87.59199, 41.81629], [-87.59195, 41.81627], [-87.5919, 41.81623], [-87.59178, 41.81612], [-87.59175, 41.81607], [-87.59171, 41.81603], [-87.59167, 41.81601], [-87.59164, 41.816], [-87.59161, 41.81598], [-87.59159, 41.81598], [-87.59157, 41.81598], [-87.59156, 41.81598], [-87.5915, 41.81598], [-87.59146, 41.81596], [-87.59142, 41.81592], [-87.59141, 41.81589], [-87.59139, 41.81584], [-87.59137, 41.81579], [-87.59134, 41.81574], [-87.59132, 41.81571], [-87.5913, 41.81569], [-87.59126, 41.8156], [-87.59124, 41.81557], [-87.59122, 41.81551], [-87.5912, 41.81545], [-87.59118, 41.81541], [-87.59116, 41.81538], [-87.59111, 41.81536], [-87.59108, 41.81531], [-87.59105, 41.81526], [-87.59101, 41.81519], [-87.59096, 41.81513], [-87.59093, 41.81507], [-87.59089, 41.815], [-87.59084, 41.81495], [-87.59079, 41.81491], [-87.59074, 41.81486], [-87.59069, 41.81483], [-87.59068, 41.81478], [-87.59065, 41.81475], [-87.59062, 41.81471], [-87.59056, 41.8147], [-87.5905, 41.81468], [-87.59046, 41.81465], [-87.59043, 41.8146], [-87.5904, 41.81455], [-87.59037, 41.8145], [-87.59036, 41.81443], [-87.59035, 41.81438], [-87.59037, 41.81435], [-87.59042, 41.81435], [-87.59046, 41.81436], [-87.5905, 41.81437], [-87.59052, 41.81435], [-87.5905, 41.8143], [-87.59046, 41.81426], [-87.59042, 41.81421], [-87.59037, 41.81418], [-87.59032, 41.81414], [-87.59031, 41.81409], [-87.5903, 41.81405], [-87.5903, 41.81403], [-87.5903, 41.81399], [-87.59029, 41.81394], [-87.59025, 41.81389], [-87.59024, 41.81384], [-87.59023, 41.81378], [-87.59022, 41.81375], [-87.59018, 41.81371], [-87.59015, 41.81366], [-87.59013, 41.81362], [-87.5901, 41.81359], [-87.59006, 41.81356], [-87.59004, 41.81352], [-87.59002, 41.8135], [-87.58998, 41.81347], [-87.58995, 41.81344], [-87.58991, 41.81339], [-87.58986, 41.81334], [-87.58983, 41.8133], [-87.58978, 41.81326], [-87.58972, 41.81322], [-87.58969, 41.81317], [-87.58966, 41.81313], [-87.58962, 41.8131], [-87.58957, 41.81306], [-87.5895, 41.81303], [-87.58942, 41.813], [-87.58934, 41.81297], [-87.58928, 41.81293], [-87.58923, 41.8129], [-87.58917, 41.81285], [-87.58913, 41.81282], [-87.58909, 41.81277], [-87.58905, 41.81272], [-87.58902, 41.81267], [-87.58896, 41.81261], [-87.58891, 41.81255], [-87.58887, 41.81248], [-87.58885, 41.81241], [-87.58883, 41.81236], [-87.58879, 41.81232], [-87.58876, 41.81228], [-87.58869, 41.81223], [-87.58863, 41.81219], [-87.58856, 41.81216], [-87.58851, 41.81212], [-87.58846, 41.8121], [-87.58844, 41.81209], [-87.58838, 41.81206], [-87.5883, 41.81204], [-87.58823, 41.81203], [-87.58816, 41.81203], [-87.58808, 41.81202], [-87.588, 41.812], [-87.58791, 41.81199], [-87.58784, 41.81199], [-87.58778, 41.81199], [-87.58777, 41.81199], [-87.58771, 41.81198], [-87.58766, 41.81197], [-87.58764, 41.81194], [-87.58759, 41.81194], [-87.58756, 41.81194], [-87.58756, 41.81193], [-87.58746, 41.8119], [-87.58742, 41.81189], [-87.58738, 41.81187], [-87.58735, 41.81185], [-87.58734, 41.81184], [-87.58734, 41.81182], [-87.58733, 41.81178], [-87.58733, 41.81176], [-87.58732, 41.81173], [-87.58731, 41.8117], [-87.58729, 41.81167], [-87.58727, 41.81165], [-87.58725, 41.81164], [-87.58723, 41.81163], [-87.58721, 41.81163], [-87.5872, 41.8116], [-87.58719, 41.81159], [-87.5872, 41.81156], [-87.58721, 41.81153], [-87.58722, 41.81152], [-87.58722, 41.81151], [-87.58721, 41.81149], [-87.58718, 41.81148], [-87.58715, 41.81147], [-87.58713, 41.81146], [-87.5871, 41.81145], [-87.58707, 41.81143], [-87.58704, 41.8114], [-87.58699, 41.81133], [-87.58699, 41.81132], [-87.58699, 41.8113], [-87.587, 41.81127], [-87.587, 41.81125], [-87.58699, 41.81123], [-87.58697, 41.81121], [-87.58694, 41.8112], [-87.58693, 41.81117], [-87.58694, 41.81115], [-87.58695, 41.81111], [-87.58695, 41.81109], [-87.58697, 41.81108], [-87.587, 41.81108], [-87.58701, 41.81106], [-87.58701, 41.81104], [-87.587, 41.81102], [-87.587, 41.81099], [-87.587, 41.81096], [-87.58699, 41.81094], [-87.58699, 41.81091], [-87.587, 41.81088], [-87.58701, 41.81084], [-87.58702, 41.81077], [-87.58702, 41.81073], [-87.58703, 41.81068], [-87.58704, 41.81064], [-87.58704, 41.81061], [-87.58703, 41.81057], [-87.58703, 41.81054], [-87.58702, 41.81049], [-87.58702, 41.81044], [-87.58701, 41.8104], [-87.587, 41.81037], [-87.58699, 41.81033], [-87.58698, 41.81027], [-87.58697, 41.81024], [-87.58696, 41.8102], [-87.58695, 41.81017], [-87.58695, 41.81017], [-87.58692, 41.81011], [-87.58689, 41.81003], [-87.58685, 41.80997], [-87.58681, 41.80992], [-87.58679, 41.80987], [-87.58677, 41.80982], [-87.58675, 41.80979], [-87.58671, 41.80977], [-87.58667, 41.80974], [-87.58664, 41.80971], [-87.58661, 41.80967], [-87.58658, 41.80964], [-87.58655, 41.8096], [-87.58652, 41.80955], [-87.58648, 41.80949], [-87.58645, 41.80944], [-87.58644, 41.8094], [-87.58644, 41.80937], [-87.58647, 41.80934], [-87.58648, 41.80931], [-87.58647, 41.80929], [-87.58643, 41.80928], [-87.58639, 41.80926], [-87.58634, 41.80925], [-87.5863, 41.80923], [-87.58627, 41.8092], [-87.58628, 41.80917], [-87.58629, 41.80913], [-87.58629, 41.8091], [-87.58625, 41.80909], [-87.58622, 41.80908], [-87.5862, 41.80905], [-87.58616, 41.80897], [-87.58614, 41.80892], [-87.58612, 41.80887], [-87.58611, 41.80884], [-87.5861, 41.80882], [-87.5861, 41.8088], [-87.58612, 41.80877], [-87.58614, 41.80874], [-87.58615, 41.80872], [-87.58613, 41.80869], [-87.58611, 41.80866], [-87.5861, 41.80865], [-87.58603, 41.80854], [-87.58597, 41.80846], [-87.58592, 41.80838], [-87.5859, 41.80834], [-87.5859, 41.80834], [-87.58583, 41.80825], [-87.58576, 41.80816], [-87.58571, 41.80807], [-87.58568, 41.808], [-87.58569, 41.80798], [-87.5857, 41.80798], [-87.58569, 41.80796], [-87.58567, 41.8079], [-87.58563, 41.80785], [-87.58559, 41.80785], [-87.58558, 41.80784], [-87.58553, 41.80776], [-87.58549, 41.8077], [-87.58546, 41.80762], [-87.58539, 41.80752], [-87.58533, 41.80745], [-87.58527, 41.80738], [-87.58522, 41.80731], [-87.58516, 41.80722], [-87.58501, 41.80706], [-87.58495, 41.80699], [-87.58489, 41.80694], [-87.58482, 41.80688], [-87.58472, 41.80681], [-87.58467, 41.80676], [-87.5846, 41.80669], [-87.58452, 41.80662], [-87.58449, 41.8066], [-87.5844, 41.80655], [-87.58435, 41.80651], [-87.58434, 41.8065], [-87.58432, 41.80649], [-87.58426, 41.80644], [-87.58417, 41.80639], [-87.58405, 41.80633], [-87.5839, 41.80624], [-87.5838, 41.80616], [-87.58368, 41.80606], [-87.58365, 41.80603], [-87.58354, 41.80597], [-87.58346, 41.80592], [-87.58342, 41.80588], [-87.58331, 41.80582], [-87.5832, 41.80576], [-87.58312, 41.80569], [-87.58306, 41.80564], [-87.58298, 41.80559], [-87.58296, 41.80559], [-87.5829, 41.80558], [-87.58287, 41.80554], [-87.58282, 41.80551], [-87.58272, 41.80544], [-87.58261, 41.80536], [-87.58246, 41.80526], [-87.58238, 41.8052], [-87.58237, 41.8052], [-87.58225, 41.80512], [-87.58201, 41.80494], [-87.58174, 41.80474], [-87.58163, 41.80465], [-87.58157, 41.8046], [-87.58151, 41.80455], [-87.58144, 41.80446], [-87.58137, 41.80438], [-87.58127, 41.80431], [-87.58117, 41.80425], [-87.58112, 41.80424], [-87.58103, 41.80421], [-87.58089, 41.80419], [-87.58079, 41.8042], [-87.5807, 41.80421], [-87.58067, 41.80421], [-87.58055, 41.80416], [-87.58044, 41.8041], [-87.58033, 41.80405], [-87.58026, 41.80402], [-87.58018, 41.80397], [-87.58011, 41.80393], [-87.58005, 41.80384], [-87.58002, 41.80377], [-87.58002, 41.80372], [-87.58001, 41.80365], [-87.58002, 41.80359], [-87.58003, 41.80355], [-87.58006, 41.8035], [-87.58009, 41.80348], [-87.58011, 41.80347], [-87.58019, 41.80336], [-87.58045, 41.80293], [-87.58029, 41.80287], [-87.58034, 41.80274], [-87.58036, 41.80258], [-87.58041, 41.80238], [-87.58043, 41.80225], [-87.58045, 41.80213], [-87.58046, 41.80198], [-87.58049, 41.80174], [-87.5805, 41.80158], [-87.5805, 41.8011], [-87.58048, 41.80094], [-87.58047, 41.80078], [-87.58044, 41.80058], [-87.58042, 41.80038], [-87.58034, 41.7999], [-87.58028, 41.79963], [-87.58019, 41.79935], [-87.58011, 41.79912], [-87.57998, 41.79884], [-87.57985, 41.79856], [-87.57979, 41.79844], [-87.57994, 41.79837], [-87.57966, 41.79808], [-87.57961, 41.79803], [-87.57954, 41.79797], [-87.5795, 41.79793], [-87.57947, 41.7979], [-87.57933, 41.79778], [-87.57921, 41.79769], [-87.57914, 41.79763], [-87.57906, 41.79758], [-87.57901, 41.79754], [-87.57895, 41.7975], [-87.57889, 41.79746], [-87.57885, 41.79743], [-87.57877, 41.79738], [-87.57876, 41.79737], [-87.57867, 41.7973], [-87.57857, 41.79724], [-87.57847, 41.79718], [-87.57843, 41.79714], [-87.57836, 41.7971], [-87.57829, 41.79705], [-87.57821, 41.79701], [-87.57811, 41.79698], [-87.57805, 41.79696], [-87.57799, 41.79694], [-87.57783, 41.79691], [-87.57769, 41.79688], [-87.57755, 41.79686], [-87.57741, 41.79686], [-87.57732, 41.79686], [-87.57724, 41.79687], [-87.57707, 41.79691], [-87.57695, 41.79694], [-87.57684, 41.79697], [-87.57668, 41.79701], [-87.57659, 41.79702], [-87.57656, 41.79702], [-87.57651, 41.79705], [-87.57645, 41.79705], [-87.57633, 41.79705], [-87.57632, 41.79705], [-87.57614, 41.79703], [-87.576, 41.797], [-87.57588, 41.79698], [-87.57576, 41.79694], [-87.57571, 41.79692], [-87.57562, 41.79687], [-87.57558, 41.79683], [-87.57553, 41.79679], [-87.57548, 41.79674], [-87.5754, 41.79669], [-87.57531, 41.79665], [-87.57527, 41.79661], [-87.57523, 41.79651], [-87.57522, 41.79644], [-87.57521, 41.79638], [-87.5752, 41.79636], [-87.57516, 41.79624], [-87.57517, 41.79618], [-87.57518, 41.7961], [-87.5752, 41.79605], [-87.57528, 41.79591], [-87.57531, 41.79584], [-87.57533, 41.79581], [-87.57536, 41.79572], [-87.57537, 41.79567], [-87.57539, 41.79559], [-87.5754, 41.79554], [-87.57541, 41.79547], [-87.57544, 41.79544], [-87.57552, 41.79542], [-87.57564, 41.79539], [-87.57573, 41.79536], [-87.57578, 41.79534], [-87.57582, 41.79531], [-87.57595, 41.79522], [-87.57604, 41.79515], [-87.5761, 41.79511], [-87.57617, 41.79509], [-87.57622, 41.79507], [-87.57633, 41.79508], [-87.57636, 41.79508], [-87.5764, 41.79509], [-87.57646, 41.7951], [-87.57651, 41.79508], [-87.57657, 41.79507], [-87.57662, 41.79505], [-87.57665, 41.79505], [-87.57671, 41.79506], [-87.57678, 41.79508], [-87.57685, 41.7951], [-87.57691, 41.79511], [-87.57708, 41.79508], [-87.57739, 41.79504], [-87.5776, 41.79499], [-87.57783, 41.79492], [-87.57792, 41.79489], [-87.57811, 41.79481], [-87.5783, 41.79473], [-87.57843, 41.79465], [-87.57857, 41.79456], [-87.57877, 41.79441], [-87.57881, 41.79438], [-87.57883, 41.79436], [-87.57894, 41.79427], [-87.57899, 41.79422], [-87.57901, 41.7942], [-87.57901, 41.79418], [-87.57904, 41.79407], [-87.57906, 41.79401], [-87.57908, 41.79395], [-87.57913, 41.79389], [-87.57916, 41.79383], [-87.5792, 41.79376], [-87.57924, 41.79369], [-87.57927, 41.79364], [-87.5793, 41.79355], [-87.5793, 41.79349], [-87.5793, 41.79339], [-87.5793, 41.79329], [-87.57929, 41.79318], [-87.57928, 41.7931], [-87.57928, 41.79302], [-87.57928, 41.79295], [-87.57928, 41.79285], [-87.5793, 41.79277], [-87.57931, 41.79267], [-87.57932, 41.79257], [-87.57935, 41.79252], [-87.57941, 41.79243], [-87.57947, 41.79237], [-87.57952, 41.79231], [-87.57956, 41.79223], [-87.57959, 41.79216], [-87.57961, 41.7921], [-87.57963, 41.79204], [-87.57961, 41.792], [-87.57958, 41.79195], [-87.57955, 41.79188], [-87.5795, 41.79181], [-87.57945, 41.79171], [-87.57941, 41.79165], [-87.57939, 41.79162], [-87.57935, 41.79156], [-87.57932, 41.79151], [-87.57929, 41.79146], [-87.57927, 41.79143], [-87.57917, 41.7913], [-87.57912, 41.79124], [-87.57911, 41.79122], [-87.57902, 41.79111], [-87.57896, 41.79102], [-87.57888, 41.79092], [-87.57885, 41.79088], [-87.57885, 41.79088], [-87.57881, 41.79083], [-87.57876, 41.79077], [-87.5787, 41.79069], [-87.57868, 41.79067], [-87.57864, 41.79059], [-87.57858, 41.7905], [-87.57853, 41.79039], [-87.5785, 41.79029], [-87.57846, 41.79019], [-87.57842, 41.7901], [-87.57837, 41.79005], [-87.57831, 41.78998], [-87.57827, 41.78994], [-87.57821, 41.78989], [-87.57819, 41.78987], [-87.57807, 41.78977], [-87.57795, 41.78968], [-87.57782, 41.78955], [-87.57769, 41.78945], [-87.57756, 41.78936], [-87.57746, 41.78929], [-87.57735, 41.78921], [-87.57725, 41.78914], [-87.57712, 41.78906], [-87.57701, 41.78899], [-87.57688, 41.7889], [-87.57675, 41.78881], [-87.57665, 41.78875], [-87.57655, 41.78869], [-87.57646, 41.78864], [-87.57639, 41.78859], [-87.57632, 41.78857], [-87.57632, 41.78851], [-87.57668, 41.78847], [-87.57668, 41.78842], [-87.57685, 41.78841], [-87.57715, 41.7884], [-87.57717, 41.78838], [-87.57718, 41.78836], [-87.57719, 41.78836], [-87.57722, 41.78835], [-87.57728, 41.78835], [-87.57732, 41.78836], [-87.57733, 41.78838], [-87.57733, 41.78838], [-87.57767, 41.78836], [-87.57767, 41.78831], [-87.57774, 41.7883], [-87.57776, 41.7883], [-87.57775, 41.7882], [-87.57766, 41.7882], [-87.57764, 41.78818], [-87.57764, 41.78815], [-87.57758, 41.78815], [-87.57751, 41.78815], [-87.57732, 41.78817], [-87.57732, 41.78819], [-87.5773, 41.7882], [-87.57726, 41.78821], [-87.5772, 41.78821], [-87.57717, 41.7882], [-87.57715, 41.78818], [-87.57715, 41.78816], [-87.57715, 41.78813], [-87.57715, 41.7881], [-87.57722, 41.7881], [-87.57727, 41.78808], [-87.57728, 41.78806], [-87.57728, 41.78798], [-87.57729, 41.78787], [-87.57731, 41.78779], [-87.57732, 41.7877], [-87.57733, 41.78757], [-87.57733, 41.78746], [-87.57734, 41.78732], [-87.57734, 41.78719], [-87.57733, 41.78707], [-87.57732, 41.78693], [-87.57731, 41.78681], [-87.57727, 41.78664], [-87.57724, 41.78648], [-87.5772, 41.78631], [-87.57714, 41.78615], [-87.57709, 41.78599], [-87.57704, 41.78583], [-87.577, 41.78569], [-87.57693, 41.78551], [-87.57682, 41.78521], [-87.57675, 41.78505], [-87.57668, 41.78491], [-87.57662, 41.78476], [-87.57656, 41.78462], [-87.57654, 41.78458], [-87.57649, 41.78448], [-87.57643, 41.78434], [-87.57638, 41.78422], [-87.57632, 41.78409], [-87.57619, 41.78384], [-87.57613, 41.78372], [-87.5761, 41.78365], [-87.57605, 41.7836], [-87.57597, 41.78356], [-87.57591, 41.78353], [-87.57582, 41.78348], [-87.57568, 41.78342], [-87.57556, 41.78337], [-87.57545, 41.78331], [-87.57533, 41.78325], [-87.57519, 41.78317], [-87.57509, 41.78311], [-87.57497, 41.78303], [-87.57488, 41.78299], [-87.57477, 41.78293], [-87.57464, 41.78286], [-87.57452, 41.78279], [-87.57441, 41.78274], [-87.5743, 41.78268], [-87.57421, 41.78263], [-87.57412, 41.78259], [-87.57407, 41.78257], [-87.57398, 41.78252], [-87.57384, 41.78246], [-87.5737, 41.78239], [-87.57357, 41.78233], [-87.57346, 41.78228], [-87.57338, 41.78224], [-87.57333, 41.78223], [-87.5731, 41.78213], [-87.57285, 41.78204], [-87.57261, 41.78195], [-87.57248, 41.7819], [-87.5723, 41.78183], [-87.57213, 41.78178], [-87.57199, 41.78174], [-87.57181, 41.78169], [-87.57165, 41.78165], [-87.5715, 41.7816], [-87.57135, 41.78156], [-87.57119, 41.78152], [-87.57104, 41.78149], [-87.5709, 41.78146], [-87.57077, 41.78143], [-87.57061, 41.78139], [-87.5705, 41.78137], [-87.57033, 41.78135], [-87.57022, 41.78133], [-87.57008, 41.78131], [-87.56999, 41.78129], [-87.56986, 41.78128], [-87.56979, 41.78129], [-87.56968, 41.7813], [-87.56901, 41.78145], [-87.5684, 41.78161], [-87.56764, 41.78462], [-87.56753, 41.7846], [-87.56831, 41.78154], [-87.56912, 41.78136], [-87.56949, 41.78126], [-87.56979, 41.78119], [-87.56983, 41.78118], [-87.56995, 41.78115], [-87.57008, 41.78112], [-87.57022, 41.78109], [-87.57038, 41.78105], [-87.57053, 41.78101], [-87.57069, 41.78098], [-87.57088, 41.78094], [-87.57105, 41.7809], [-87.57128, 41.78084], [-87.57165, 41.78072], [-87.57205, 41.78058], [-87.57267, 41.78038], [-87.57308, 41.78025], [-87.57293, 41.77989], [-87.57293, 41.77985], [-87.57295, 41.77982], [-87.57298, 41.77981], [-87.57302, 41.77979], [-87.57338, 41.77971], [-87.5737, 41.77964], [-87.57396, 41.77957], [-87.57411, 41.77953], [-87.5743, 41.77944], [-87.57444, 41.77937], [-87.57456, 41.77928], [-87.57466, 41.77919], [-87.57473, 41.77911], [-87.57493, 41.77884], [-87.57494, 41.77881], [-87.57494, 41.77879], [-87.57493, 41.77876], [-87.57493, 41.77872], [-87.57495, 41.77871], [-87.57498, 41.7787], [-87.575, 41.77868], [-87.57502, 41.77862], [-87.57505, 41.77857], [-87.57508, 41.7785], [-87.5751, 41.77845], [-87.57511, 41.77841], [-87.57513, 41.77835], [-87.57517, 41.77825], [-87.5752, 41.77815], [-87.57523, 41.77805], [-87.57525, 41.77796], [-87.57528, 41.77787], [-87.57529, 41.77778], [-87.57529, 41.77771], [-87.5753, 41.77766], [-87.5753, 41.77754], [-87.5753, 41.77741], [-87.57529, 41.7773], [-87.57524, 41.77714], [-87.57519, 41.77701], [-87.57513, 41.77689], [-87.57507, 41.77678], [-87.575, 41.77668], [-87.57492, 41.77655], [-87.57485, 41.77646], [-87.57476, 41.77636], [-87.57469, 41.77628], [-87.57464, 41.77621], [-87.57461, 41.77615], [-87.57461, 41.77608], [-87.57464, 41.77603], [-87.5747, 41.77599], [-87.57478, 41.77597], [-87.57487, 41.77597], [-87.57498, 41.77595], [-87.57508, 41.77593], [-87.57504, 41.77579], [-87.57492, 41.77579], [-87.57481, 41.77577], [-87.57473, 41.77575], [-87.57467, 41.77571], [-87.57459, 41.77568], [-87.57447, 41.77564], [-87.57439, 41.77562], [-87.5743, 41.77559], [-87.57423, 41.77557], [-87.57422, 41.77555], [-87.57412, 41.77553], [-87.57399, 41.77552], [-87.57386, 41.77551], [-87.57378, 41.77551], [-87.5737, 41.77551], [-87.57361, 41.77551], [-87.57355, 41.77551], [-87.57348, 41.77551], [-87.5734, 41.77548], [-87.57338, 41.77545], [-87.57337, 41.77538], [-87.57331, 41.77538], [-87.57332, 41.7754], [-87.57332, 41.77548], [-87.5733, 41.77555], [-87.57322, 41.77559], [-87.57309, 41.7756], [-87.57296, 41.7756], [-87.57284, 41.77561], [-87.57279, 41.77562], [-87.57269, 41.77564], [-87.57255, 41.77568], [-87.57241, 41.77572], [-87.57229, 41.77575], [-87.57217, 41.77578], [-87.57209, 41.77579], [-87.572, 41.77582], [-87.57194, 41.77588], [-87.57189, 41.77597], [-87.57184, 41.77607], [-87.5718, 41.7762], [-87.57178, 41.77631], [-87.57176, 41.77641], [-87.57175, 41.77651], [-87.57175, 41.7766], [-87.57177, 41.77666], [-87.57182, 41.77669], [-87.57187, 41.7768], [-87.57193, 41.77688], [-87.572, 41.77698], [-87.57208, 41.77708], [-87.57216, 41.77718], [-87.57222, 41.77724], [-87.57227, 41.77729], [-87.5723, 41.77733], [-87.57231, 41.77734], [-87.57237, 41.77733], [-87.57245, 41.77741], [-87.57262, 41.77733], [-87.57265, 41.77733], [-87.57287, 41.77762], [-87.57287, 41.77763], [-87.57279, 41.77767], [-87.57282, 41.77769], [-87.57299, 41.77786], [-87.57316, 41.778], [-87.57327, 41.77814], [-87.57334, 41.77826], [-87.57336, 41.77831], [-87.57332, 41.77842], [-87.57338, 41.77862], [-87.57338, 41.77872], [-87.57338, 41.77882], [-87.57336, 41.7789], [-87.57333, 41.77899], [-87.5733, 41.77908], [-87.57326, 41.77914], [-87.57321, 41.77919], [-87.57313, 41.77922], [-87.57302, 41.77923], [-87.57292, 41.77925], [-87.57284, 41.77928], [-87.57275, 41.77932], [-87.57267, 41.77933], [-87.57259, 41.77932], [-87.57248, 41.77931], [-87.57237, 41.77927], [-87.57224, 41.77923], [-87.57217, 41.77918], [-87.57213, 41.77911], [-87.5721, 41.77904], [-87.57209, 41.77901], [-87.5721, 41.77897], [-87.57208, 41.7789], [-87.57202, 41.77883], [-87.57194, 41.77875], [-87.57188, 41.77866], [-87.57182, 41.77858], [-87.57175, 41.77856], [-87.57167, 41.77854], [-87.57157, 41.77846], [-87.57147, 41.77837], [-87.57138, 41.77827], [-87.57125, 41.77815], [-87.57114, 41.77805], [-87.57093, 41.77788], [-87.5708, 41.77778], [-87.57066, 41.77768], [-87.57066, 41.77768], [-87.57055, 41.77759], [-87.57041, 41.77748], [-87.57033, 41.77742], [-87.57023, 41.77732], [-87.57015, 41.77723], [-87.57003, 41.77712], [-87.56997, 41.77705], [-87.5699, 41.777], [-87.56984, 41.77698], [-87.56981, 41.77697], [-87.56969, 41.77697], [-87.56961, 41.77692], [-87.5695, 41.77685], [-87.56942, 41.77682], [-87.56929, 41.77675], [-87.56919, 41.77669], [-87.56896, 41.77652], [-87.56894, 41.77651], [-87.56889, 41.77647], [-87.56881, 41.7764], [-87.56875, 41.77634], [-87.56869, 41.77628], [-87.56863, 41.77623], [-87.56856, 41.77615], [-87.5685, 41.77608], [-87.56844, 41.77602], [-87.56838, 41.77596], [-87.56831, 41.77589], [-87.56823, 41.7758], [-87.56821, 41.77578], [-87.56813, 41.7757], [-87.56807, 41.77562], [-87.56801, 41.77554], [-87.56791, 41.77542], [-87.56782, 41.77531], [-87.56774, 41.7752], [-87.56769, 41.77514], [-87.56762, 41.77504], [-87.56752, 41.7749], [-87.56749, 41.77487], [-87.56746, 41.77483], [-87.56743, 41.77479], [-87.56737, 41.77472], [-87.56736, 41.7747], [-87.56736, 41.7747], [-87.56735, 41.77468], [-87.56731, 41.77464], [-87.5673, 41.77461], [-87.56727, 41.77458], [-87.56723, 41.77452], [-87.5672, 41.77448], [-87.56716, 41.77443], [-87.56714, 41.7744], [-87.5671, 41.77436], [-87.56708, 41.77433], [-87.56705, 41.7743], [-87.56703, 41.77427], [-87.567, 41.77424], [-87.56699, 41.77422], [-87.56695, 41.77418], [-87.56694, 41.77416], [-87.56692, 41.77413], [-87.56689, 41.7741], [-87.56686, 41.77407], [-87.56685, 41.77405], [-87.56684, 41.77402], [-87.56683, 41.774], [-87.56683, 41.77398], [-87.56683, 41.77397], [-87.56681, 41.77396], [-87.56679, 41.77395], [-87.56677, 41.77395], [-87.56673, 41.77392], [-87.56669, 41.77391], [-87.56664, 41.77388], [-87.56658, 41.77386], [-87.56655, 41.77383], [-87.56655, 41.77383], [-87.56652, 41.77382], [-87.56649, 41.77381], [-87.56646, 41.7738], [-87.56643, 41.77378], [-87.5664, 41.77377], [-87.56638, 41.77375], [-87.56636, 41.77373], [-87.56634, 41.77371], [-87.56632, 41.77369], [-87.56631, 41.77367], [-87.5663, 41.77364], [-87.56629, 41.77362], [-87.56628, 41.77359], [-87.56628, 41.77357], [-87.56628, 41.77354], [-87.56628, 41.77352], [-87.56629, 41.77349], [-87.56629, 41.77347], [-87.56629, 41.77347], [-87.56629, 41.77346], [-87.56627, 41.77344], [-87.56624, 41.77341], [-87.56619, 41.77335], [-87.56615, 41.77332], [-87.56609, 41.77327], [-87.56601, 41.77321], [-87.56594, 41.77313], [-87.56585, 41.77306], [-87.56576, 41.77299], [-87.56565, 41.77292], [-87.56555, 41.77287], [-87.56545, 41.77281], [-87.56536, 41.77276], [-87.56525, 41.7727], [-87.56517, 41.77263], [-87.56508, 41.77258], [-87.565, 41.77253], [-87.5649, 41.77252], [-87.5648, 41.77246], [-87.56472, 41.77241], [-87.56462, 41.77237], [-87.56448, 41.77232], [-87.56437, 41.77227], [-87.56428, 41.77222], [-87.56417, 41.77216], [-87.56407, 41.77211], [-87.56398, 41.77209], [-87.56387, 41.77209], [-87.56375, 41.77209], [-87.56364, 41.77208], [-87.56358, 41.77203], [-87.56358, 41.77193], [-87.56359, 41.77184], [-87.56357, 41.77177], [-87.56352, 41.77171], [-87.56352, 41.77163], [-87.56351, 41.77153], [-87.56349, 41.77144], [-87.56348, 41.77135], [-87.56346, 41.77127], [-87.56342, 41.77118], [-87.56342, 41.77111], [-87.56347, 41.77106], [-87.56345, 41.77099], [-87.56341, 41.7709], [-87.56338, 41.77081], [-87.56337, 41.77077], [-87.56335, 41.77071], [-87.56333, 41.77062], [-87.56331, 41.77053], [-87.56328, 41.77044], [-87.56324, 41.77036], [-87.5632, 41.77028], [-87.56313, 41.7702], [-87.56306, 41.77012], [-87.56299, 41.77004], [-87.56293, 41.76997], [-87.56286, 41.76989], [-87.56279, 41.7698], [-87.56274, 41.76972], [-87.5627, 41.76965], [-87.56264, 41.76957], [-87.56258, 41.7695], [-87.56252, 41.76943], [-87.56247, 41.76934], [-87.56243, 41.76926], [-87.56241, 41.76918], [-87.5624, 41.76912], [-87.56238, 41.76905], [-87.56234, 41.769], [-87.56223, 41.76894], [-87.56212, 41.76888], [-87.56202, 41.76883], [-87.56192, 41.76879], [-87.56179, 41.76873], [-87.56168, 41.76869], [-87.56154, 41.76863], [-87.56142, 41.76859], [-87.56128, 41.76855], [-87.56116, 41.76851], [-87.56105, 41.76848], [-87.56092, 41.76844], [-87.5608, 41.76842], [-87.56078, 41.76841], [-87.56064, 41.7684], [-87.56053, 41.7684], [-87.56041, 41.76841], [-87.56032, 41.76844], [-87.56024, 41.7685], [-87.56017, 41.76855], [-87.56011, 41.76863], [-87.56004, 41.76871], [-87.55998, 41.76879], [-87.5599, 41.76888], [-87.55981, 41.76897], [-87.55973, 41.76905], [-87.55966, 41.76911], [-87.55959, 41.76916], [-87.55954, 41.76918], [-87.55952, 41.76911], [-87.55952, 41.76903], [-87.55952, 41.76894], [-87.55948, 41.76883], [-87.55943, 41.76872], [-87.55941, 41.76862], [-87.55941, 41.76852], [-87.55943, 41.76839], [-87.55943, 41.76827], [-87.55944, 41.76816], [-87.55945, 41.76806], [-87.55949, 41.76801], [-87.55952, 41.76798], [-87.55952, 41.76792], [-87.55952, 41.76785], [-87.55948, 41.76781], [-87.55944, 41.76775], [-87.55943, 41.76765], [-87.55942, 41.76754], [-87.55943, 41.76743], [-87.55943, 41.76732], [-87.55943, 41.76719], [-87.55942, 41.76711], [-87.55942, 41.76701], [-87.55941, 41.76693], [-87.55939, 41.76685], [-87.55939, 41.76678], [-87.55944, 41.76675], [-87.55951, 41.76675], [-87.55954, 41.76671], [-87.55954, 41.76664], [-87.55953, 41.7666], [-87.55956, 41.76657], [-87.55964, 41.76655], [-87.55974, 41.76654], [-87.55984, 41.76652], [-87.55997, 41.7665], [-87.56008, 41.76647], [-87.56018, 41.76644], [-87.56028, 41.76637], [-87.56037, 41.76631], [-87.56044, 41.76625], [-87.56052, 41.76617], [-87.56055, 41.76609], [-87.56058, 41.76599], [-87.5606, 41.7659], [-87.56062, 41.76581], [-87.56062, 41.76573], [-87.56061, 41.76564], [-87.56059, 41.76556], [-87.56055, 41.76547], [-87.56051, 41.76539], [-87.56047, 41.76534], [-87.56043, 41.76529], [-87.56036, 41.76532], [-87.56014, 41.76509], [-87.56022, 41.76504], [-87.56017, 41.76498], [-87.56012, 41.76494], [-87.56006, 41.76492], [-87.56004, 41.76491], [-87.56002, 41.7649], [-87.56, 41.7649], [-87.55998, 41.7649], [-87.55997, 41.76491], [-87.55994, 41.76495], [-87.55992, 41.76496], [-87.55989, 41.76496], [-87.55984, 41.76496], [-87.55982, 41.76494], [-87.55979, 41.76491], [-87.55976, 41.76488], [-87.55972, 41.76483], [-87.55969, 41.7648], [-87.55967, 41.76479], [-87.55964, 41.76476], [-87.55963, 41.76475], [-87.55961, 41.76474], [-87.5596, 41.76473], [-87.55959, 41.76471], [-87.55959, 41.76469], [-87.5596, 41.76467], [-87.5596, 41.76466], [-87.5596, 41.76465], [-87.5596, 41.76463], [-87.55959, 41.76462], [-87.55955, 41.76457], [-87.55953, 41.76455], [-87.55952, 41.76453], [-87.55952, 41.76452], [-87.55954, 41.7645], [-87.55974, 41.76439], [-87.5597, 41.76433], [-87.55966, 41.76428], [-87.55961, 41.76422], [-87.55957, 41.76418], [-87.55952, 41.76415], [-87.55949, 41.76413], [-87.55944, 41.76408], [-87.5594, 41.76406], [-87.55934, 41.76404], [-87.55928, 41.76404], [-87.55911, 41.76388], [-87.55909, 41.76387], [-87.55898, 41.76375], [-87.55882, 41.76383], [-87.5588, 41.76384], [-87.55872, 41.76388], [-87.55867, 41.76391], [-87.55846, 41.76402], [-87.55832, 41.76388], [-87.55757, 41.76312], [-87.5577, 41.76305], [-87.55765, 41.763], [-87.55764, 41.76293], [-87.55764, 41.76285], [-87.5576, 41.76281], [-87.55753, 41.76278], [-87.55751, 41.76277], [-87.55749, 41.76277], [-87.55743, 41.76273], [-87.5574, 41.76272], [-87.55737, 41.76271], [-87.55732, 41.76268], [-87.55724, 41.76264], [-87.55717, 41.76261], [-87.55711, 41.76257], [-87.55706, 41.76254], [-87.55702, 41.76252], [-87.55699, 41.7625], [-87.55691, 41.76245], [-87.55687, 41.76243], [-87.55684, 41.7624], [-87.55679, 41.76234], [-87.55676, 41.76231], [-87.55672, 41.76227], [-87.55665, 41.76221], [-87.5566, 41.76218], [-87.55654, 41.76214], [-87.55646, 41.7621], [-87.55642, 41.76208], [-87.55637, 41.76206], [-87.55634, 41.76205], [-87.55632, 41.76203], [-87.55626, 41.76199], [-87.55623, 41.76196], [-87.55621, 41.76194], [-87.55619, 41.76192], [-87.55615, 41.76187], [-87.55608, 41.76182], [-87.55602, 41.76179], [-87.55599, 41.76177], [-87.55594, 41.76175], [-87.55589, 41.76172], [-87.55581, 41.76167], [-87.55573, 41.76163], [-87.55564, 41.76159], [-87.55559, 41.76158], [-87.55552, 41.76158], [-87.55545, 41.76159], [-87.55543, 41.7616], [-87.55535, 41.76162], [-87.55532, 41.76161], [-87.55527, 41.76162], [-87.55517, 41.76166], [-87.55498, 41.76175], [-87.55488, 41.76179], [-87.5548, 41.76177], [-87.55477, 41.76173], [-87.55474, 41.76164], [-87.55467, 41.76149], [-87.55453, 41.76129], [-87.55443, 41.76117], [-87.55438, 41.76108], [-87.55435, 41.76105], [-87.55428, 41.76105], [-87.55425, 41.76103], [-87.55421, 41.76098], [-87.55418, 41.76093], [-87.55415, 41.76088], [-87.55411, 41.76081], [-87.55407, 41.76078], [-87.55403, 41.76076], [-87.554, 41.76075], [-87.55394, 41.76073], [-87.55391, 41.76071], [-87.55387, 41.7607], [-87.55373, 41.76064], [-87.55367, 41.76061], [-87.55359, 41.76057], [-87.55349, 41.76053], [-87.55339, 41.76049], [-87.55333, 41.76046], [-87.55325, 41.76043], [-87.55316, 41.76039], [-87.55287, 41.76026], [-87.55282, 41.76024], [-87.55279, 41.76023], [-87.55269, 41.76019], [-87.55256, 41.76012], [-87.55247, 41.76008], [-87.55246, 41.76007], [-87.55238, 41.76004], [-87.55225, 41.75998], [-87.55214, 41.75994], [-87.55195, 41.75987], [-87.5518, 41.75981], [-87.55172, 41.75978], [-87.55172, 41.75978], [-87.55162, 41.75974], [-87.55154, 41.75971], [-87.55152, 41.7597], [-87.55145, 41.75968], [-87.55136, 41.75964], [-87.55126, 41.7596], [-87.55116, 41.75956], [-87.55107, 41.75952], [-87.55099, 41.75949], [-87.55086, 41.75944], [-87.55082, 41.75943], [-87.55077, 41.75941], [-87.5507, 41.75938], [-87.55062, 41.75935], [-87.5505, 41.75931], [-87.55043, 41.75929], [-87.55034, 41.75926], [-87.55025, 41.75922], [-87.55018, 41.7592], [-87.55001, 41.75913], [-87.54999, 41.75912], [-87.54955, 41.75896], [-87.54916, 41.75884], [-87.549, 41.7588], [-87.54897, 41.75879], [-87.54892, 41.75878], [-87.54888, 41.75877], [-87.5488, 41.75875], [-87.54871, 41.75873], [-87.54865, 41.75872], [-87.54862, 41.75872], [-87.54858, 41.75871], [-87.54857, 41.75871], [-87.54851, 41.7587], [-87.5484, 41.75869], [-87.54818, 41.75868], [-87.54814, 41.75868], [-87.5481, 41.75868], [-87.54806, 41.75868], [-87.54803, 41.75868], [-87.54797, 41.75867], [-87.54794, 41.75868], [-87.54789, 41.75868], [-87.54785, 41.75869], [-87.54781, 41.7587], [-87.54773, 41.75871], [-87.54764, 41.75872], [-87.54758, 41.75872], [-87.54754, 41.75872], [-87.54754, 41.75872], [-87.54745, 41.75872], [-87.54738, 41.75872], [-87.54734, 41.75872], [-87.54729, 41.75872], [-87.54725, 41.75872], [-87.5472, 41.75873], [-87.54709, 41.75874], [-87.54702, 41.75876], [-87.54697, 41.75876], [-87.54694, 41.75877], [-87.54691, 41.75878], [-87.54688, 41.7588], [-87.54685, 41.75882], [-87.5468, 41.75883], [-87.5467, 41.75885], [-87.54668, 41.75885], [-87.54659, 41.75888], [-87.54636, 41.75897], [-87.54606, 41.7591], [-87.54575, 41.75925], [-87.54551, 41.75936], [-87.54545, 41.7594], [-87.54541, 41.75943], [-87.54537, 41.75947], [-87.54534, 41.75949], [-87.54532, 41.75951], [-87.54528, 41.75954], [-87.54525, 41.75956], [-87.54521, 41.75958], [-87.54515, 41.75962], [-87.54494, 41.75975], [-87.54476, 41.75988], [-87.54465, 41.75997], [-87.54456, 41.76004], [-87.5445, 41.76007], [-87.54443, 41.76011], [-87.54439, 41.76014], [-87.54435, 41.76015], [-87.54432, 41.76017], [-87.54428, 41.76018], [-87.54425, 41.76019], [-87.54421, 41.7602], [-87.54419, 41.7602], [-87.54417, 41.7602], [-87.54416, 41.7602], [-87.54415, 41.76019], [-87.54415, 41.76019], [-87.54412, 41.76016], [-87.54409, 41.76016], [-87.54408, 41.76015], [-87.54406, 41.76013], [-87.54404, 41.76012], [-87.54403, 41.76011], [-87.54401, 41.76011], [-87.54399, 41.7601], [-87.54396, 41.7601], [-87.54394, 41.7601], [-87.54391, 41.7601], [-87.54389, 41.7601], [-87.54386, 41.76011], [-87.54385, 41.76011], [-87.54409, 41.76035], [-87.54433, 41.76057], [-87.54434, 41.76058], [-87.54436, 41.76059], [-87.54438, 41.7606], [-87.5444, 41.76061], [-87.54442, 41.76062], [-87.54444, 41.76062], [-87.54446, 41.76062], [-87.54446, 41.76062], [-87.54524, 41.76062], [-87.54644, 41.76062], [-87.54647, 41.76062], [-87.54649, 41.76063], [-87.54649, 41.76065], [-87.54648, 41.76065], [-87.54646, 41.76065], [-87.54643, 41.76065], [-87.54641, 41.76066], [-87.54638, 41.76066], [-87.54634, 41.76066], [-87.54608, 41.76066], [-87.54605, 41.76065], [-87.546, 41.76065], [-87.54594, 41.76065], [-87.5459, 41.76065], [-87.54581, 41.76066], [-87.54574, 41.76065], [-87.54569, 41.76066], [-87.54566, 41.76066], [-87.54564, 41.76066], [-87.54559, 41.76066], [-87.54545, 41.76066], [-87.54537, 41.76066], [-87.54532, 41.76066], [-87.54526, 41.76066], [-87.54521, 41.76067], [-87.54517, 41.76067], [-87.54516, 41.76066], [-87.54489, 41.76067], [-87.54443, 41.76068], [-87.54441, 41.76067], [-87.54439, 41.76067], [-87.54437, 41.76067], [-87.54434, 41.76066], [-87.54432, 41.76065], [-87.54431, 41.76064], [-87.54429, 41.76063], [-87.54429, 41.76062], [-87.54367, 41.76006], [-87.54328, 41.7597], [-87.54325, 41.75971], [-87.54321, 41.75971], [-87.54318, 41.7597], [-87.54316, 41.75969], [-87.54314, 41.75968], [-87.5431, 41.75965], [-87.54304, 41.7596], [-87.54294, 41.7595], [-87.54257, 41.75913], [-87.54256, 41.75913], [-87.54255, 41.75911], [-87.54254, 41.75908], [-87.54253, 41.75906], [-87.54252, 41.75903], [-87.54252, 41.75901], [-87.54252, 41.75898], [-87.54253, 41.75896], [-87.54253, 41.75893], [-87.54257, 41.75886], [-87.54263, 41.75874], [-87.54257, 41.75869], [-87.54165, 41.75782], [-87.54155, 41.75783], [-87.54145, 41.75784], [-87.54138, 41.75784], [-87.54131, 41.75783], [-87.54125, 41.75782], [-87.54121, 41.75781], [-87.54118, 41.75781], [-87.54115, 41.75779], [-87.5411, 41.75776], [-87.54109, 41.75775], [-87.54106, 41.75772], [-87.54102, 41.75768], [-87.54097, 41.75764], [-87.54083, 41.7575], [-87.54074, 41.75743], [-87.54068, 41.75738], [-87.54065, 41.75735], [-87.54062, 41.75733], [-87.54061, 41.75731], [-87.5406, 41.75729], [-87.5406, 41.75727], [-87.54061, 41.75725], [-87.54062, 41.75723], [-87.54067, 41.7572], [-87.54073, 41.75715], [-87.54078, 41.75712], [-87.54084, 41.75709], [-87.54089, 41.75706], [-87.54092, 41.75704], [-87.54093, 41.75703], [-87.54094, 41.75703], [-87.54095, 41.75703], [-87.54096, 41.75703], [-87.54098, 41.75703], [-87.54099, 41.75703], [-87.541, 41.75704], [-87.54105, 41.757], [-87.54104, 41.757], [-87.54106, 41.75698], [-87.54108, 41.75697], [-87.5411, 41.75697], [-87.54112, 41.75695], [-87.54114, 41.75694], [-87.5412, 41.75691], [-87.54122, 41.7569], [-87.54123, 41.75689], [-87.54126, 41.75687], [-87.5413, 41.75685], [-87.54138, 41.75681], [-87.54144, 41.75677], [-87.54157, 41.75669], [-87.5417, 41.75661], [-87.54177, 41.75656], [-87.5418, 41.75654], [-87.54183, 41.75652], [-87.54185, 41.75651], [-87.54194, 41.75646], [-87.54203, 41.75641], [-87.5421, 41.75637], [-87.54219, 41.75632], [-87.54224, 41.75629], [-87.54228, 41.75627], [-87.54232, 41.75624], [-87.54237, 41.75622], [-87.5425, 41.75615], [-87.5426, 41.75608], [-87.54261, 41.75607], [-87.54271, 41.75601], [-87.54281, 41.75595], [-87.54292, 41.75588], [-87.54297, 41.75585], [-87.54303, 41.75582], [-87.54306, 41.7558], [-87.5431, 41.75577], [-87.54314, 41.75575], [-87.54317, 41.75573], [-87.5432, 41.75571], [-87.54324, 41.75569], [-87.54327, 41.75568], [-87.5433, 41.75566], [-87.54334, 41.75564], [-87.54337, 41.75562], [-87.5434, 41.7556], [-87.54342, 41.75558], [-87.54345, 41.75557], [-87.54348, 41.75555], [-87.54348, 41.75555], [-87.54357, 41.7555], [-87.54368, 41.75543], [-87.54376, 41.75538], [-87.5438, 41.75535], [-87.54385, 41.75532], [-87.54391, 41.75528], [-87.54395, 41.75526], [-87.54396, 41.75523], [-87.54397, 41.75522], [-87.54397, 41.7552], [-87.54397, 41.75518], [-87.54398, 41.75517], [-87.54398, 41.75515], [-87.54397, 41.75514], [-87.54396, 41.75513], [-87.54395, 41.75511], [-87.54396, 41.75509], [-87.54395, 41.75507], [-87.54394, 41.75506], [-87.54393, 41.75505], [-87.54394, 41.75502], [-87.54395, 41.75501], [-87.54397, 41.75499], [-87.54398, 41.75498], [-87.544, 41.75497], [-87.54401, 41.75496], [-87.54403, 41.75496], [-87.54404, 41.75496], [-87.54404, 41.75496], [-87.54408, 41.75492], [-87.54411, 41.75488], [-87.54414, 41.75484], [-87.54416, 41.75482], [-87.54418, 41.7548], [-87.54418, 41.75477], [-87.54417, 41.75475], [-87.54416, 41.75472], [-87.54415, 41.75471], [-87.54417, 41.75469], [-87.54417, 41.75467], [-87.54416, 41.75465], [-87.54415, 41.75463], [-87.54415, 41.75462], [-87.54417, 41.75461], [-87.54419, 41.7546], [-87.54421, 41.75458], [-87.54421, 41.75456], [-87.5442, 41.75454], [-87.54421, 41.75452], [-87.54423, 41.7545], [-87.54424, 41.75447], [-87.54425, 41.75445], [-87.54426, 41.75442], [-87.54426, 41.7544], [-87.54428, 41.75438], [-87.54429, 41.75435], [-87.54431, 41.75433], [-87.54431, 41.75432], [-87.54432, 41.75432], [-87.54433, 41.75432], [-87.54434, 41.75432], [-87.54441, 41.75413], [-87.54434, 41.75397], [-87.54425, 41.75372], [-87.54421, 41.75361], [-87.54415, 41.75344], [-87.54406, 41.75327], [-87.544, 41.75314], [-87.54393, 41.75298], [-87.54387, 41.75285], [-87.54379, 41.75268], [-87.54372, 41.75253], [-87.54367, 41.75246], [-87.54361, 41.75238], [-87.54357, 41.75232], [-87.54354, 41.75228], [-87.54351, 41.75225], [-87.54349, 41.75222], [-87.54347, 41.7522], [-87.54344, 41.75219], [-87.54341, 41.75216], [-87.54338, 41.75213], [-87.54336, 41.75211], [-87.54336, 41.75211], [-87.54328, 41.75205], [-87.54323, 41.75201], [-87.54319, 41.75199], [-87.54315, 41.75197], [-87.5431, 41.75195], [-87.54307, 41.75193], [-87.54304, 41.75192], [-87.54303, 41.75192], [-87.54301, 41.75192], [-87.54298, 41.75193], [-87.54294, 41.75193], [-87.54291, 41.75192], [-87.54287, 41.75192], [-87.5428, 41.75192], [-87.54267, 41.75192], [-87.54265, 41.75192], [-87.5426, 41.75193], [-87.54253, 41.75193], [-87.5425, 41.75192], [-87.54243, 41.75192], [-87.54233, 41.75192], [-87.54226, 41.75192], [-87.54218, 41.75193], [-87.54214, 41.75193], [-87.5421, 41.75192], [-87.54183, 41.75193], [-87.54171, 41.75192], [-87.54167, 41.75193], [-87.54162, 41.75193], [-87.54156, 41.75193], [-87.5415, 41.75193], [-87.54145, 41.75192], [-87.54143, 41.75192], [-87.54139, 41.75193], [-87.54135, 41.75193], [-87.54131, 41.75193], [-87.54127, 41.75193], [-87.54121, 41.75193], [-87.54114, 41.75193], [-87.54108, 41.75192], [-87.54104, 41.75191], [-87.54099, 41.75191], [-87.54094, 41.75192], [-87.5409, 41.75191], [-87.54083, 41.7519], [-87.5408, 41.75189], [-87.5407, 41.75187], [-87.54065, 41.75186], [-87.54058, 41.75187], [-87.54055, 41.75187], [-87.54049, 41.75186], [-87.54043, 41.75185], [-87.54038, 41.75182], [-87.54033, 41.75181], [-87.54027, 41.75179], [-87.54022, 41.75177], [-87.54018, 41.75175], [-87.54015, 41.75172], [-87.54011, 41.75171], [-87.54005, 41.75168], [-87.53999, 41.75166], [-87.53992, 41.75163], [-87.5399, 41.75163], [-87.53984, 41.75161], [-87.53977, 41.75159], [-87.53975, 41.75157], [-87.5397, 41.75156], [-87.53963, 41.75154], [-87.53958, 41.75153], [-87.53952, 41.75151], [-87.53949, 41.75149], [-87.53945, 41.75148], [-87.53939, 41.75146], [-87.53936, 41.75145], [-87.53934, 41.75144], [-87.5393, 41.75143], [-87.53924, 41.75142], [-87.5392, 41.75141], [-87.53912, 41.75138], [-87.53904, 41.75136], [-87.53893, 41.75131], [-87.53891, 41.75131], [-87.53869, 41.75121], [-87.53866, 41.75118], [-87.5386, 41.75116], [-87.5385, 41.75112], [-87.53841, 41.75109], [-87.53834, 41.75106], [-87.53826, 41.75103], [-87.53819, 41.751], [-87.53813, 41.75098], [-87.53806, 41.75096], [-87.53799, 41.75094], [-87.53793, 41.75092], [-87.53787, 41.7509], [-87.53786, 41.75089], [-87.53772, 41.75084], [-87.53769, 41.75083], [-87.53766, 41.75082], [-87.53764, 41.75081], [-87.53762, 41.75078], [-87.53759, 41.75077], [-87.53754, 41.75075], [-87.53749, 41.75074], [-87.53747, 41.75074], [-87.53741, 41.75072], [-87.53738, 41.75072], [-87.53735, 41.75071], [-87.53734, 41.7507], [-87.53732, 41.75067], [-87.53728, 41.75066], [-87.53724, 41.75064], [-87.53721, 41.75064], [-87.53718, 41.75063], [-87.53715, 41.75062], [-87.53714, 41.7506], [-87.53713, 41.75058], [-87.53712, 41.75057], [-87.53709, 41.75057], [-87.53706, 41.75056], [-87.53703, 41.75055], [-87.53696, 41.75052], [-87.53692, 41.75051], [-87.53689, 41.7505], [-87.53686, 41.75048], [-87.53685, 41.75046], [-87.53684, 41.75045], [-87.53682, 41.75044], [-87.5368, 41.75045], [-87.53678, 41.75045], [-87.53675, 41.75045], [-87.53673, 41.75045], [-87.53669, 41.75043], [-87.53666, 41.75041], [-87.53662, 41.75039], [-87.53657, 41.75037], [-87.53651, 41.75034], [-87.53645, 41.75032], [-87.53641, 41.7503], [-87.53635, 41.75028], [-87.5363, 41.75027], [-87.53626, 41.75025], [-87.53624, 41.75024], [-87.53623, 41.75021], [-87.53621, 41.7502], [-87.53616, 41.7502], [-87.53612, 41.75019], [-87.53609, 41.75018], [-87.53608, 41.75017], [-87.53606, 41.75017], [-87.53601, 41.75016], [-87.53598, 41.75014], [-87.53595, 41.75012], [-87.53592, 41.7501], [-87.5359, 41.75009], [-87.53588, 41.75009], [-87.53584, 41.75007], [-87.53581, 41.75006], [-87.53577, 41.75005], [-87.53572, 41.75002], [-87.5357, 41.75], [-87.5357, 41.75], [-87.53569, 41.74998], [-87.53568, 41.74997], [-87.53565, 41.74997], [-87.53562, 41.74996], [-87.5356, 41.74994], [-87.53558, 41.74992], [-87.53554, 41.74991], [-87.53552, 41.7499], [-87.53549, 41.74988], [-87.53544, 41.74986], [-87.53538, 41.74985], [-87.53533, 41.74983], [-87.53531, 41.74982], [-87.53529, 41.74981], [-87.53526, 41.74979], [-87.53523, 41.7498], [-87.5352, 41.7498], [-87.53518, 41.74978], [-87.53516, 41.74976], [-87.53513, 41.74975], [-87.53511, 41.74974], [-87.53507, 41.74974], [-87.53505, 41.74972], [-87.535, 41.7497], [-87.53496, 41.74968], [-87.53491, 41.74966], [-87.53487, 41.74965], [-87.53483, 41.74963], [-87.5348, 41.74961], [-87.53477, 41.74959], [-87.53474, 41.74959], [-87.53468, 41.74957], [-87.53459, 41.74954], [-87.53456, 41.74952], [-87.53452, 41.74951], [-87.53446, 41.7495], [-87.53444, 41.74949], [-87.53438, 41.74945], [-87.53432, 41.74943], [-87.53421, 41.74941], [-87.5339, 41.74931], [-87.53376, 41.74925], [-87.53357, 41.74916], [-87.53353, 41.74914], [-87.53339, 41.74909], [-87.53323, 41.74903], [-87.53319, 41.74902], [-87.53303, 41.74895], [-87.53274, 41.74882], [-87.53244, 41.74872], [-87.53208, 41.74859], [-87.53184, 41.74847], [-87.53158, 41.74837], [-87.53138, 41.74828], [-87.53125, 41.74821], [-87.5311, 41.74813], [-87.53095, 41.74803], [-87.53091, 41.74796], [-87.5309, 41.74789], [-87.53089, 41.74784], [-87.53086, 41.74772], [-87.53081, 41.74751], [-87.53076, 41.74729], [-87.53076, 41.74711], [-87.53071, 41.74691], [-87.5307, 41.74672], [-87.53067, 41.74661], [-87.53065, 41.74648], [-87.53065, 41.74645], [-87.53062, 41.74628], [-87.53057, 41.74604], [-87.53057, 41.74591], [-87.53018, 41.7431], [-87.53008, 41.7424], [-87.53008, 41.74238], [-87.53007, 41.74234], [-87.53005, 41.74231], [-87.53005, 41.74231], [-87.53006, 41.74229], [-87.53007, 41.74227], [-87.53007, 41.74225], [-87.53006, 41.74223], [-87.53005, 41.74221], [-87.53004, 41.7422], [-87.53005, 41.74218], [-87.53007, 41.74216], [-87.53007, 41.74214], [-87.53008, 41.74211], [-87.53007, 41.74209], [-87.53006, 41.74207], [-87.53004, 41.74205], [-87.53005, 41.74205], [-87.53006, 41.74204], [-87.53006, 41.74204], [-87.53006, 41.74203], [-87.53006, 41.74202], [-87.53005, 41.74201], [-87.53003, 41.74201], [-87.53002, 41.74201], [-87.53001, 41.742], [-87.53, 41.742], [-87.52999, 41.74199], [-87.52999, 41.74197], [-87.53001, 41.74197], [-87.53003, 41.74195], [-87.53004, 41.74194], [-87.53004, 41.74192], [-87.53004, 41.74191], [-87.53004, 41.74189], [-87.53004, 41.74179], [-87.53003, 41.74176], [-87.53002, 41.74171], [-87.53, 41.74165], [-87.52998, 41.7416], [-87.52993, 41.74153], [-87.52992, 41.74152], [-87.52991, 41.7415], [-87.52988, 41.74148], [-87.52985, 41.74146], [-87.52981, 41.74144], [-87.52977, 41.74142], [-87.52973, 41.74141], [-87.52971, 41.74141], [-87.52967, 41.74142], [-87.52962, 41.74142], [-87.52958, 41.74142], [-87.5295, 41.7414], [-87.52448, 41.74145], [-87.52448, 41.74147], [-87.52446, 41.74147], [-87.52446, 41.74139], [-87.52989, 41.74133], [-87.53011, 41.74124], [-87.53013, 41.74123], [-87.53015, 41.74123], [-87.53017, 41.74124], [-87.53019, 41.74126], [-87.53053, 41.74116], [-87.53063, 41.74113], [-87.53067, 41.74112], [-87.53069, 41.74112], [-87.53133, 41.7411], [-87.53176, 41.7411], [-87.53363, 41.74108], [-87.5338, 41.74108], [-87.53685, 41.74105], [-87.53986, 41.74101], [-87.53985, 41.74074], [-87.53984, 41.74073], [-87.53983, 41.7405], [-87.53887, 41.7405], [-87.53668, 41.74053], [-87.53418, 41.74056], [-87.53363, 41.74057], [-87.53141, 41.74059], [-87.52986, 41.74061], [-87.52982, 41.74035], [-87.52983, 41.74035], [-87.5298, 41.74003], [-87.52978, 41.73996], [-87.52979, 41.73994], [-87.52978, 41.73991], [-87.52978, 41.7399], [-87.52978, 41.73988], [-87.52978, 41.73987], [-87.52977, 41.73985], [-87.52978, 41.73983], [-87.5298, 41.73982], [-87.52981, 41.73981], [-87.5298, 41.73981], [-87.52978, 41.7398], [-87.52977, 41.73979], [-87.52975, 41.73966], [-87.52973, 41.73959], [-87.52973, 41.73955], [-87.52973, 41.73953], [-87.52972, 41.73951], [-87.52972, 41.73948], [-87.52973, 41.73945], [-87.52973, 41.73942], [-87.52972, 41.73939], [-87.52971, 41.73936], [-87.52971, 41.73933], [-87.5297, 41.73931], [-87.52968, 41.73916], [-87.52967, 41.73906], [-87.52966, 41.73895], [-87.52964, 41.73885], [-87.52964, 41.7388], [-87.52959, 41.73841], [-87.52956, 41.73832], [-87.52957, 41.73829], [-87.52957, 41.73826], [-87.52956, 41.73821], [-87.52955, 41.73817], [-87.52954, 41.73812], [-87.52955, 41.73809], [-87.52954, 41.73805], [-87.52953, 41.73801], [-87.52951, 41.73796], [-87.52951, 41.73793], [-87.52951, 41.7379], [-87.5295, 41.73787], [-87.52949, 41.73783], [-87.52949, 41.73778], [-87.52949, 41.73775], [-87.52949, 41.73771], [-87.52948, 41.73766], [-87.52947, 41.73763], [-87.52945, 41.7376], [-87.52943, 41.73755], [-87.52944, 41.73752], [-87.52945, 41.7375], [-87.52945, 41.73744], [-87.52944, 41.73736], [-87.52944, 41.7373], [-87.52943, 41.73723], [-87.52943, 41.73716], [-87.52941, 41.73707], [-87.5294, 41.737], [-87.5294, 41.73694], [-87.52938, 41.73682], [-87.52936, 41.7367], [-87.52933, 41.73655], [-87.52932, 41.73632], [-87.52931, 41.73623], [-87.5293, 41.73616], [-87.52929, 41.73609], [-87.52928, 41.73605], [-87.52926, 41.73603], [-87.52924, 41.73601], [-87.52925, 41.73598], [-87.52927, 41.73595], [-87.52928, 41.73594], [-87.52928, 41.7359], [-87.52927, 41.73587], [-87.52925, 41.73583], [-87.52924, 41.73577], [-87.52923, 41.7357], [-87.52923, 41.73566], [-87.52923, 41.73561], [-87.52922, 41.73557], [-87.52922, 41.73554], [-87.52922, 41.73554], [-87.52917, 41.73533], [-87.52913, 41.73504], [-87.52912, 41.73497], [-87.52913, 41.73494], [-87.52914, 41.73492], [-87.52915, 41.7349], [-87.52914, 41.73487], [-87.52912, 41.73485], [-87.52912, 41.73478], [-87.52912, 41.73474], [-87.52911, 41.7347], [-87.52911, 41.73466], [-87.5291, 41.73462], [-87.5291, 41.73459], [-87.52909, 41.73455], [-87.52909, 41.73452], [-87.5291, 41.73449], [-87.52908, 41.73446], [-87.52907, 41.73439], [-87.52907, 41.73433], [-87.52906, 41.7343], [-87.52907, 41.73427], [-87.52908, 41.73425], [-87.52908, 41.73422], [-87.52907, 41.73418], [-87.52906, 41.73415], [-87.52905, 41.73411], [-87.52904, 41.73408], [-87.52904, 41.73404], [-87.52904, 41.734], [-87.52903, 41.73397], [-87.52902, 41.73394], [-87.52902, 41.73391], [-87.52902, 41.73389], [-87.52901, 41.73386], [-87.52901, 41.73385], [-87.52902, 41.73382], [-87.52902, 41.7338], [-87.52901, 41.73379], [-87.52898, 41.7338], [-87.52896, 41.73379], [-87.52896, 41.73377], [-87.52896, 41.73375], [-87.52896, 41.73374], [-87.52897, 41.73373], [-87.52898, 41.73372], [-87.52899, 41.73372], [-87.529, 41.73371], [-87.52899, 41.7337], [-87.52925, 41.73301], [-87.52949, 41.73237], [-87.52946, 41.73231], [-87.52941, 41.73232], [-87.52937, 41.73232], [-87.52935, 41.73231], [-87.52931, 41.7323], [-87.52927, 41.73228], [-87.52925, 41.73226], [-87.52922, 41.73223], [-87.52921, 41.7322], [-87.5292, 41.73217], [-87.52919, 41.73215], [-87.52918, 41.73213], [-87.52917, 41.73211], [-87.52915, 41.7321], [-87.52914, 41.73209], [-87.52912, 41.73208], [-87.52911, 41.73208], [-87.52895, 41.73205], [-87.52733, 41.73182], [-87.52526, 41.73153], [-87.52522, 41.73152], [-87.52515, 41.7315], [-87.52508, 41.73147], [-87.52501, 41.73144], [-87.52495, 41.73141], [-87.52488, 41.73135], [-87.52473, 41.73122], [-87.52469, 41.73109], [-87.52465, 41.72934], [-87.52463, 41.72814], [-87.52454, 41.72358], [-87.52453, 41.7235], [-87.52454, 41.7234], [-87.52454, 41.72329], [-87.52455, 41.7232], [-87.52447, 41.7232], [-87.52447, 41.72248], [-87.52447, 41.7219], [-87.5245, 41.72188], [-87.5245, 41.72179], [-87.52451, 41.72179], [-87.52457, 41.72179], [-87.52462, 41.72179], [-87.52468, 41.7218], [-87.52469, 41.72179], [-87.52471, 41.72178], [-87.52474, 41.72177], [-87.52478, 41.72173], [-87.52484, 41.72169], [-87.5249, 41.72164], [-87.52495, 41.72158], [-87.525, 41.72152], [-87.52472, 41.72127], [-87.5247, 41.72125], [-87.52472, 41.72124], [-87.52482, 41.72118], [-87.52509, 41.72142], [-87.52515, 41.72134], [-87.52524, 41.72122], [-87.52527, 41.72117], [-87.52534, 41.72105], [-87.52541, 41.72092], [-87.52508, 41.72085], [-87.52514, 41.72073], [-87.52545, 41.7208], [-87.52546, 41.72079], [-87.52549, 41.72072], [-87.52551, 41.72066], [-87.52552, 41.72059], [-87.52553, 41.72052], [-87.52554, 41.72047], [-87.52556, 41.72037], [-87.52557, 41.72015], [-87.52559, 41.71989], [-87.52561, 41.71955], [-87.52561, 41.71955], [-87.52561, 41.71944], [-87.5256, 41.71932], [-87.52559, 41.71921], [-87.52557, 41.7191], [-87.52555, 41.71899], [-87.52553, 41.71894], [-87.52549, 41.71885], [-87.52545, 41.71875], [-87.5254, 41.71866], [-87.52535, 41.71857], [-87.52529, 41.71849], [-87.5252, 41.71837], [-87.5251, 41.71825], [-87.525, 41.71814], [-87.52491, 41.71805], [-87.52486, 41.71804], [-87.52476, 41.71802], [-87.52476, 41.71802], [-87.52468, 41.71801], [-87.52459, 41.71799], [-87.5245, 41.71799], [-87.5245, 41.71781], [-87.52448, 41.71781], [-87.52448, 41.7178], [-87.52447, 41.71779], [-87.52447, 41.7174], [-87.52476, 41.7174], [-87.52478, 41.7174], [-87.52494, 41.7174], [-87.52514, 41.71739], [-87.52535, 41.71738], [-87.52555, 41.71737], [-87.52581, 41.71733], [-87.5258, 41.71732], [-87.52642, 41.71711], [-87.52652, 41.71727], [-87.52661, 41.71724], [-87.52652, 41.71708], [-87.5268, 41.71699], [-87.52677, 41.71692], [-87.52679, 41.71689], [-87.52679, 41.71688], [-87.5268, 41.71687], [-87.52682, 41.71687], [-87.52684, 41.71687], [-87.52685, 41.71687], [-87.52686, 41.71688], [-87.52688, 41.71689], [-87.5269, 41.7169], [-87.52691, 41.71691], [-87.52691, 41.71692], [-87.52691, 41.71692], [-87.52692, 41.71693], [-87.52694, 41.71693], [-87.52696, 41.71694], [-87.52696, 41.71694], [-87.52697, 41.71695], [-87.52699, 41.71695], [-87.527, 41.71695], [-87.5273, 41.71682], [-87.52729, 41.71681], [-87.5274, 41.71675], [-87.52752, 41.71669], [-87.52764, 41.71662], [-87.52776, 41.71655], [-87.5278, 41.71652], [-87.5279, 41.71645], [-87.528, 41.71638], [-87.5281, 41.71631], [-87.52819, 41.71623], [-87.52819, 41.71622], [-87.52828, 41.71615], [-87.52835, 41.71607], [-87.52843, 41.71599], [-87.52857, 41.71585], [-87.52857, 41.71581], [-87.52862, 41.71577], [-87.52862, 41.71577], [-87.52864, 41.71574], [-87.52866, 41.71572], [-87.52867, 41.71569], [-87.52867, 41.71566], [-87.52867, 41.71565], [-87.52867, 41.71563], [-87.52868, 41.71559], [-87.5287, 41.71554], [-87.5287, 41.71548], [-87.5287, 41.71542], [-87.5287, 41.71537], [-87.52869, 41.71531], [-87.52867, 41.71525], [-87.52865, 41.71514], [-87.52862, 41.71502], [-87.52859, 41.71494], [-87.52856, 41.71487], [-87.52853, 41.7148], [-87.52848, 41.71473], [-87.52847, 41.7147], [-87.52838, 41.71457], [-87.52828, 41.71445], [-87.52827, 41.71444], [-87.52822, 41.71438], [-87.52817, 41.71431], [-87.52813, 41.71424], [-87.5281, 41.71417], [-87.52807, 41.7141], [-87.52804, 41.71402], [-87.52803, 41.71399], [-87.52797, 41.71387], [-87.52792, 41.71376], [-87.52785, 41.71365], [-87.52783, 41.7136], [-87.52777, 41.71351], [-87.52771, 41.71342], [-87.52765, 41.71333], [-87.52758, 41.71325], [-87.5275, 41.71317], [-87.52742, 41.71308], [-87.52643, 41.71231], [-87.52841, 41.7108], [-87.5272, 41.71003], [-87.5272, 41.71003], [-87.5271, 41.70999], [-87.527, 41.70995], [-87.5269, 41.70991], [-87.52679, 41.70988], [-87.52669, 41.70986], [-87.52665, 41.70985], [-87.52655, 41.70984], [-87.52645, 41.70983], [-87.52634, 41.70982], [-87.52624, 41.70982], [-87.5259, 41.71014], [-87.52602, 41.71025], [-87.52602, 41.71027], [-87.52601, 41.71031], [-87.526, 41.71035], [-87.52597, 41.71037], [-87.52594, 41.71039], [-87.5259, 41.7104], [-87.52586, 41.71041], [-87.52582, 41.71042], [-87.52578, 41.71042], [-87.52575, 41.71041], [-87.52571, 41.7104], [-87.52568, 41.71038], [-87.52565, 41.71036], [-87.52563, 41.71034], [-87.52561, 41.71032], [-87.52561, 41.71031], [-87.5256, 41.71029], [-87.52559, 41.71027], [-87.52558, 41.71025], [-87.52556, 41.71024], [-87.52554, 41.71023], [-87.52552, 41.7102], [-87.52552, 41.71019], [-87.52551, 41.71017], [-87.52549, 41.71015], [-87.52547, 41.71013], [-87.52545, 41.71011], [-87.52542, 41.7101], [-87.52541, 41.71011], [-87.5254, 41.71011], [-87.52538, 41.71011], [-87.52537, 41.71011], [-87.52536, 41.7101], [-87.52537, 41.71009], [-87.52537, 41.71008], [-87.52537, 41.71007], [-87.52536, 41.71006], [-87.52535, 41.71006], [-87.52534, 41.71005], [-87.52528, 41.71005], [-87.52516, 41.71], [-87.52515, 41.70999], [-87.52514, 41.70998], [-87.52512, 41.70996], [-87.52509, 41.70995], [-87.52507, 41.70995], [-87.52504, 41.70995], [-87.52496, 41.70989], [-87.52486, 41.70981], [-87.52459, 41.70959], [-87.52457, 41.70957], [-87.52454, 41.70956], [-87.52451, 41.70955], [-87.52447, 41.70954], [-87.52422, 41.70944], [-87.52421, 41.70944], [-87.52419, 41.70943], [-87.52417, 41.70942], [-87.52416, 41.7094], [-87.52414, 41.70938], [-87.52414, 41.70936], [-87.52414, 41.70934], [-87.52414, 41.70934], [-87.52414, 41.70933], [-87.52414, 41.70932], [-87.52415, 41.70931], [-87.52416, 41.70931], [-87.52418, 41.70931], [-87.52419, 41.70931], [-87.5242, 41.70932], [-87.52421, 41.70931], [-87.52422, 41.70929], [-87.52423, 41.70928], [-87.5243, 41.70928], [-87.5243, 41.70928], [-87.52431, 41.70928], [-87.52433, 41.70928], [-87.52434, 41.70928], [-87.52434, 41.70927], [-87.52438, 41.70926], [-87.5244, 41.70926], [-87.52442, 41.70926], [-87.52445, 41.70925], [-87.52449, 41.70925], [-87.52452, 41.70926], [-87.52455, 41.70927], [-87.52458, 41.70929], [-87.5246, 41.7093], [-87.52461, 41.70931], [-87.52473, 41.70935], [-87.52476, 41.70933], [-87.52486, 41.70939], [-87.52488, 41.7094], [-87.52488, 41.70944], [-87.52512, 41.70974], [-87.52517, 41.70971], [-87.52521, 41.70974], [-87.52526, 41.70971], [-87.52553, 41.70994], [-87.52559, 41.70994], [-87.52622, 41.70954], [-87.52577, 41.70916], [-87.52531, 41.70946], [-87.52536, 41.7095], [-87.52534, 41.70951], [-87.52528, 41.70948], [-87.52528, 41.70947], [-87.52527, 41.70946], [-87.52526, 41.70947], [-87.52519, 41.70941], [-87.52513, 41.70934], [-87.52516, 41.70932], [-87.52523, 41.70937], [-87.52568, 41.70909], [-87.52556, 41.70898], [-87.52556, 41.70897], [-87.52543, 41.70885], [-87.52542, 41.70884], [-87.52541, 41.70883], [-87.52539, 41.70883], [-87.52537, 41.70883], [-87.52487, 41.70915], [-87.52486, 41.70915], [-87.52478, 41.70908], [-87.52487, 41.70902], [-87.52502, 41.70892], [-87.525, 41.70889], [-87.52498, 41.70885], [-87.52496, 41.70882], [-87.52495, 41.70878], [-87.52495, 41.70878], [-87.52495, 41.70876], [-87.52495, 41.70875], [-87.52494, 41.70873], [-87.52493, 41.7087], [-87.52491, 41.70868], [-87.52489, 41.70867], [-87.52487, 41.70866], [-87.52486, 41.70865], [-87.52454, 41.70848], [-87.52455, 41.70795], [-87.52455, 41.70788], [-87.52455, 41.70777], [-87.52455, 41.70758], [-87.52455, 41.70756], [-87.52455, 41.70728], [-87.52455, 41.70703], [-87.52455, 41.70674], [-87.52454, 41.70623], [-87.52454, 41.70472], [-87.52454, 41.70432], [-87.52453, 41.70389], [-87.52453, 41.70382], [-87.52453, 41.70305], [-87.52453, 41.7026], [-87.52453, 41.70211], [-87.52453, 41.70206], [-87.52453, 41.7019], [-87.52453, 41.70178], [-87.52453, 41.70149], [-87.52454, 41.70122], [-87.52454, 41.70098], [-87.52454, 41.70087], [-87.52454, 41.70066], [-87.52454, 41.70053], [-87.52454, 41.70039], [-87.52455, 41.70018], [-87.52455, 41.69997], [-87.52455, 41.6998], [-87.52455, 41.69954], [-87.52455, 41.69932], [-87.52456, 41.69923], [-87.52456, 41.69911], [-87.5246, 41.69724], [-87.52461, 41.69542], [-87.52464, 41.69529], [-87.52464, 41.6952], [-87.52464, 41.69504], [-87.52464, 41.69495], [-87.52464, 41.69475], [-87.52464, 41.69466], [-87.52464, 41.69413], [-87.52464, 41.69399], [-87.52465, 41.69361], [-87.52465, 41.69327], [-87.52465, 41.69292], [-87.52466, 41.69267], [-87.52466, 41.69234], [-87.52466, 41.69228], [-87.52462, 41.6918], [-87.52465, 41.68818], [-87.5247, 41.68455], [-87.52474, 41.68091], [-87.52475, 41.68041], [-87.52477, 41.6791], [-87.52477, 41.6789], [-87.52478, 41.67822], [-87.52479, 41.67721], [-87.5248, 41.67642], [-87.52481, 41.67545], [-87.52483, 41.67398], [-87.52484, 41.67365], [-87.52499, 41.65906], [-87.52508, 41.65183], [-87.52511, 41.64881], [-87.52512, 41.64867], [-87.52517, 41.64454], [-87.52784, 41.64456], [-87.52994, 41.64457], [-87.5302, 41.64457], [-87.53503, 41.64456], [-87.53798, 41.64456], [-87.53902, 41.64456], [-87.53974, 41.64456], [-87.54011, 41.64456], [-87.54068, 41.64456], [-87.54109, 41.64456], [-87.54165, 41.64456], [-87.54181, 41.64456], [-87.54214, 41.64456], [-87.54248, 41.64457], [-87.5498, 41.64457], [-87.552, 41.64459], [-87.55299, 41.6446], [-87.55875, 41.64464], [-87.55932, 41.64464], [-87.56141, 41.64465], [-87.56237, 41.64466], [-87.56283, 41.64466], [-87.56307, 41.64467], [-87.56353, 41.64467], [-87.56359, 41.64467], [-87.56404, 41.64467], [-87.56428, 41.64467], [-87.56474, 41.64467], [-87.5648, 41.64467], [-87.56525, 41.64467], [-87.56549, 41.64467], [-87.56595, 41.64467], [-87.56601, 41.64467], [-87.56646, 41.64467], [-87.56671, 41.64467], [-87.56716, 41.64467], [-87.56722, 41.64467], [-87.56768, 41.64467], [-87.56792, 41.64467], [-87.56837, 41.64467], [-87.56843, 41.64467], [-87.56889, 41.64467], [-87.56913, 41.64468], [-87.56958, 41.64468], [-87.56964, 41.64468], [-87.5701, 41.64468], [-87.57034, 41.64468], [-87.57079, 41.64468], [-87.57085, 41.64468], [-87.57131, 41.64468], [-87.57155, 41.64468], [-87.57201, 41.64468], [-87.57206, 41.64468], [-87.57252, 41.64468], [-87.57276, 41.64468], [-87.57322, 41.64468], [-87.57327, 41.64468], [-87.57373, 41.64468], [-87.57487, 41.64468], [-87.57725, 41.64471], [-87.57838, 41.64469], [-87.57858, 41.6447], [-87.58567, 41.6447], [-87.58684, 41.64469], [-87.58684, 41.6447], [-87.58686, 41.64473], [-87.58689, 41.64478], [-87.58694, 41.64484], [-87.587, 41.64491], [-87.58693, 41.64495], [-87.58709, 41.64516], [-87.58716, 41.64526], [-87.5873, 41.64543], [-87.58747, 41.64561], [-87.58759, 41.64573], [-87.58782, 41.64595], [-87.58793, 41.64607], [-87.58816, 41.64632], [-87.5882, 41.64636], [-87.5888, 41.64687], [-87.58879, 41.64686], [-87.58878, 41.64683], [-87.58879, 41.64681], [-87.58889, 41.64675], [-87.58891, 41.64676], [-87.58905, 41.64687], [-87.58913, 41.64694], [-87.5892, 41.64698], [-87.58922, 41.64701], [-87.58927, 41.64708], [-87.58929, 41.64713], [-87.58931, 41.64717], [-87.58933, 41.64721], [-87.58946, 41.64729], [-87.5895, 41.64732], [-87.58958, 41.6474], [-87.58968, 41.64749], [-87.58969, 41.64751], [-87.5897, 41.64752], [-87.58975, 41.64755], [-87.58976, 41.64756], [-87.58977, 41.64757], [-87.58978, 41.64758], [-87.58979, 41.64759], [-87.5898, 41.64759], [-87.5898, 41.64759], [-87.58981, 41.64761], [-87.58982, 41.64762], [-87.58984, 41.64764], [-87.58986, 41.64766], [-87.58988, 41.64767], [-87.58988, 41.64767], [-87.58989, 41.64767], [-87.5899, 41.64767], [-87.58993, 41.64767], [-87.58995, 41.64769], [-87.58997, 41.64772], [-87.58999, 41.64773], [-87.59, 41.64773], [-87.59001, 41.64773], [-87.59006, 41.64777], [-87.5901, 41.64781], [-87.59011, 41.64782], [-87.59016, 41.64788], [-87.59021, 41.64793], [-87.59022, 41.64794], [-87.59023, 41.64795], [-87.59023, 41.64797], [-87.59025, 41.64799], [-87.59026, 41.648], [-87.59029, 41.64802], [-87.5903, 41.64804], [-87.59034, 41.6481], [-87.59039, 41.64815], [-87.59041, 41.6482], [-87.59043, 41.64822], [-87.59045, 41.64825], [-87.59047, 41.64828], [-87.5905, 41.6483], [-87.59054, 41.64832], [-87.59058, 41.64835], [-87.59059, 41.64835], [-87.59062, 41.64838], [-87.59066, 41.6484], [-87.59068, 41.64841], [-87.59074, 41.64843], [-87.59083, 41.64846], [-87.5909, 41.64848], [-87.59094, 41.6485], [-87.59104, 41.64855], [-87.59114, 41.6486], [-87.59118, 41.64862], [-87.59123, 41.64862], [-87.59129, 41.64864], [-87.59133, 41.64866], [-87.59146, 41.64871], [-87.59153, 41.64874], [-87.5917, 41.64879], [-87.59181, 41.64882], [-87.59191, 41.64885], [-87.59203, 41.64888], [-87.59207, 41.6489], [-87.59209, 41.64891], [-87.59216, 41.64892], [-87.59225, 41.64893], [-87.59233, 41.64893], [-87.59243, 41.64893], [-87.59259, 41.64893], [-87.59272, 41.64892], [-87.5928, 41.64892], [-87.5929, 41.64893], [-87.59295, 41.64892], [-87.59298, 41.64892], [-87.59298, 41.64892], [-87.59303, 41.64893], [-87.59312, 41.64892], [-87.59314, 41.64892], [-87.59318, 41.6489], [-87.59324, 41.6489], [-87.59338, 41.64891], [-87.59356, 41.64892], [-87.59367, 41.64892], [-87.59378, 41.64892], [-87.59392, 41.6489], [-87.5941, 41.64887], [-87.59418, 41.64886], [-87.59423, 41.64886], [-87.59435, 41.64884], [-87.59453, 41.64881], [-87.59467, 41.64878], [-87.59486, 41.64873], [-87.5951, 41.64867], [-87.59518, 41.64865], [-87.59523, 41.64863], [-87.59527, 41.64862], [-87.59552, 41.64856], [-87.59572, 41.64852], [-87.59589, 41.64848], [-87.596, 41.64845], [-87.59617, 41.64842], [-87.59634, 41.64837], [-87.59644, 41.64835], [-87.59658, 41.64832], [-87.59664, 41.64831], [-87.59667, 41.6483], [-87.59676, 41.64828], [-87.59689, 41.64825], [-87.59704, 41.64821], [-87.5973, 41.64814], [-87.59742, 41.64811], [-87.59752, 41.64808], [-87.59759, 41.64806], [-87.59761, 41.64805], [-87.59765, 41.64802], [-87.59772, 41.64798], [-87.59776, 41.64796], [-87.59779, 41.64796], [-87.5978, 41.64798], [-87.59782, 41.648], [-87.59783, 41.64801], [-87.59784, 41.64802], [-87.59789, 41.64803], [-87.59783, 41.6447], [-87.59783, 41.64462], [-87.59783, 41.64461], [-87.59784, 41.64461], [-87.59824, 41.64461], [-87.59844, 41.64461], [-87.59864, 41.64461], [-87.59885, 41.64461], [-87.59925, 41.64461], [-87.59981, 41.64461], [-87.60008, 41.64461], [-87.60038, 41.64461], [-87.60124, 41.64461], [-87.60199, 41.64461], [-87.6025, 41.64461], [-87.60273, 41.64461], [-87.60363, 41.64461], [-87.60443, 41.64461], [-87.60493, 41.64461], [-87.6051, 41.64461], [-87.60578, 41.64461], [-87.60654, 41.64461], [-87.60698, 41.64461], [-87.60735, 41.64461], [-87.6075, 41.64461], [-87.608, 41.64461], [-87.60806, 41.64461], [-87.60866, 41.64461], [-87.60898, 41.64461], [-87.60918, 41.64461], [-87.60926, 41.64461], [-87.60949, 41.64461], [-87.60985, 41.6446], [-87.61022, 41.6446], [-87.61041, 41.6446], [-87.61062, 41.6446], [-87.61072, 41.6446], [-87.61089, 41.6446], [-87.61124, 41.6446], [-87.61156, 41.6446], [-87.61196, 41.6446], [-87.6121, 41.6446], [-87.61257, 41.6446], [-87.6129, 41.64461], [-87.61329, 41.64461], [-87.61336, 41.64461], [-87.61359, 41.64461], [-87.61383, 41.64461], [-87.61399, 41.64461], [-87.6144, 41.6446], [-87.61473, 41.64459], [-87.61508, 41.64459], [-87.61554, 41.64459], [-87.61605, 41.64459], [-87.61644, 41.64459], [-87.61673, 41.64458], [-87.61685, 41.64458], [-87.61722, 41.64458], [-87.61723, 41.64672], [-87.61723, 41.64703], [-87.61724, 41.64763], [-87.61723, 41.64792], [-87.61723, 41.64806], [-87.61722, 41.64859], [-87.61723, 41.64893], [-87.61723, 41.64936], [-87.61723, 41.64961], [-87.61723, 41.65028], [-87.61735, 41.65028], [-87.61803, 41.65037], [-87.61908, 41.6506], [-87.62021, 41.65085], [-87.62032, 41.65089], [-87.62014, 41.65122], [-87.62008, 41.65133], [-87.61999, 41.6515], [-87.61987, 41.65174], [-87.61982, 41.65183], [-87.61978, 41.65192], [-87.61966, 41.65219], [-87.61945, 41.65266], [-87.61925, 41.65313], [-87.61907, 41.65361], [-87.6189, 41.65409], [-87.61875, 41.65458], [-87.61861, 41.65506], [-87.61848, 41.65555], [-87.61837, 41.65604], [-87.61821, 41.65678], [-87.61773, 41.65901], [-87.61771, 41.6591], [-87.61845, 41.65911], [-87.61866, 41.65908], [-87.61886, 41.65908], [-87.61968, 41.65906], [-87.61966, 41.65912], [-87.61946, 41.65954], [-87.61939, 41.66006], [-87.61951, 41.66079], [-87.61986, 41.66114], [-87.62025, 41.66137], [-87.62202, 41.66213], [-87.62204, 41.66241], [-87.62221, 41.66241], [-87.62289, 41.6624], [-87.62305, 41.6624], [-87.62329, 41.6624], [-87.62332, 41.66239], [-87.62346, 41.66236], [-87.62347, 41.66235], [-87.62349, 41.66233], [-87.62351, 41.66233], [-87.62352, 41.66233], [-87.62355, 41.66232], [-87.62358, 41.66232], [-87.62361, 41.66232], [-87.62363, 41.6623], [-87.62365, 41.6623], [-87.62368, 41.6623], [-87.62381, 41.66227], [-87.62385, 41.66226], [-87.62389, 41.66226], [-87.62392, 41.66226], [-87.62395, 41.66225], [-87.624, 41.66224], [-87.62403, 41.66223], [-87.62407, 41.66224], [-87.6241, 41.66225], [-87.62414, 41.66226], [-87.62419, 41.66227], [-87.6242, 41.66228], [-87.62422, 41.66227], [-87.62425, 41.66227], [-87.62427, 41.66227], [-87.62429, 41.66227], [-87.62434, 41.66225], [-87.62436, 41.66225], [-87.62439, 41.66226], [-87.62442, 41.66226], [-87.62443, 41.66225], [-87.62445, 41.66225], [-87.62445, 41.66223], [-87.62447, 41.66222], [-87.62452, 41.6622], [-87.62459, 41.66217], [-87.62461, 41.66216], [-87.62465, 41.66215], [-87.62467, 41.66213], [-87.6247, 41.66211], [-87.62476, 41.66209], [-87.62486, 41.66206], [-87.62507, 41.66201], [-87.62517, 41.66198], [-87.62519, 41.66197], [-87.62533, 41.66195], [-87.62535, 41.66194], [-87.62535, 41.66193], [-87.62535, 41.66193], [-87.62535, 41.66193], [-87.62537, 41.66192], [-87.62544, 41.66191], [-87.62555, 41.66189], [-87.62557, 41.66187], [-87.62566, 41.66184], [-87.62568, 41.66184], [-87.62569, 41.66184], [-87.6257, 41.66185], [-87.62573, 41.66185], [-87.62587, 41.66181], [-87.62588, 41.66181], [-87.6259, 41.66181], [-87.62597, 41.66178], [-87.62606, 41.66175], [-87.62611, 41.66173], [-87.62621, 41.66167], [-87.62626, 41.66167], [-87.62627, 41.66166], [-87.62632, 41.66161], [-87.62636, 41.66157], [-87.62644, 41.66149], [-87.62654, 41.66142], [-87.62659, 41.66139], [-87.62664, 41.66135], [-87.62684, 41.66124], [-87.62687, 41.66124], [-87.62689, 41.66121], [-87.62691, 41.6612], [-87.62754, 41.66076], [-87.62765, 41.66066], [-87.62777, 41.66057], [-87.62788, 41.66046], [-87.62793, 41.66042], [-87.62797, 41.66037], [-87.62804, 41.66029], [-87.62854, 41.65983], [-87.62856, 41.65982], [-87.6286, 41.65978], [-87.62863, 41.65975], [-87.62866, 41.65972], [-87.62868, 41.6597], [-87.62871, 41.65969], [-87.62875, 41.65964], [-87.62877, 41.65963], [-87.6288, 41.65961], [-87.62882, 41.65958], [-87.62885, 41.65956], [-87.62915, 41.65932], [-87.62952, 41.65913], [-87.62954, 41.65912], [-87.62962, 41.65908], [-87.62973, 41.65901], [-87.62995, 41.65884], [-87.6301, 41.65873], [-87.63024, 41.65864], [-87.6304, 41.65852], [-87.63056, 41.65842], [-87.63066, 41.65835], [-87.63076, 41.65827], [-87.63081, 41.65821], [-87.63084, 41.65811], [-87.63084, 41.65808], [-87.63081, 41.65804], [-87.63081, 41.65799], [-87.63082, 41.65796], [-87.6309, 41.65791], [-87.63103, 41.65785], [-87.63108, 41.65783], [-87.63126, 41.65782], [-87.63139, 41.658], [-87.6315, 41.65795], [-87.63151, 41.65794], [-87.63154, 41.65792], [-87.63158, 41.65792], [-87.63161, 41.65792], [-87.63165, 41.65792], [-87.63167, 41.65792], [-87.63169, 41.65792], [-87.6317, 41.65792], [-87.63171, 41.65792], [-87.63173, 41.65792], [-87.63175, 41.65792], [-87.63178, 41.65792], [-87.6318, 41.65792], [-87.63184, 41.65791], [-87.63185, 41.65791], [-87.63186, 41.65791], [-87.63186, 41.65791], [-87.63188, 41.65791], [-87.63192, 41.6579], [-87.632, 41.6579], [-87.63201, 41.6579], [-87.63202, 41.6579], [-87.63202, 41.6579], [-87.63203, 41.65789], [-87.63207, 41.65788], [-87.63212, 41.65787], [-87.63215, 41.65787], [-87.63215, 41.65787], [-87.63217, 41.65787], [-87.63222, 41.65787], [-87.63228, 41.65787], [-87.63233, 41.65788], [-87.63227, 41.6578], [-87.63229, 41.6578], [-87.63238, 41.65779], [-87.63244, 41.65778], [-87.63249, 41.65777], [-87.63253, 41.65776], [-87.63254, 41.65775], [-87.63256, 41.65775], [-87.6326, 41.65774], [-87.63264, 41.65774], [-87.63265, 41.65773], [-87.63264, 41.65762], [-87.63282, 41.65759], [-87.633, 41.65753], [-87.63319, 41.65752], [-87.63337, 41.6575], [-87.63355, 41.65748], [-87.63373, 41.65748], [-87.63392, 41.65747], [-87.6341, 41.65745], [-87.63428, 41.65743], [-87.63446, 41.65742], [-87.63465, 41.6574], [-87.6347, 41.6574], [-87.63483, 41.65739], [-87.63501, 41.65737], [-87.63519, 41.65736], [-87.63538, 41.65735], [-87.63556, 41.65735], [-87.63574, 41.65735], [-87.63593, 41.65737], [-87.6361, 41.65739], [-87.63611, 41.65739], [-87.63623, 41.65739], [-87.63629, 41.65739], [-87.63642, 41.65741], [-87.63654, 41.65743], [-87.63672, 41.65746], [-87.63691, 41.65748], [-87.63709, 41.65751], [-87.63727, 41.65753], [-87.63746, 41.65756], [-87.63764, 41.65759], [-87.63783, 41.65762], [-87.63801, 41.65764], [-87.63819, 41.65766], [-87.63838, 41.65769], [-87.63856, 41.65771], [-87.63875, 41.65773], [-87.63895, 41.65774], [-87.63914, 41.65775], [-87.63932, 41.65775], [-87.6395, 41.65775], [-87.63968, 41.65776], [-87.63987, 41.65776], [-87.64005, 41.65776], [-87.64023, 41.65778], [-87.64042, 41.65779], [-87.6406, 41.65779], [-87.64065, 41.65777], [-87.64105, 41.65777], [-87.64105, 41.65784], [-87.64106, 41.65792], [-87.64106, 41.65799], [-87.64106, 41.65806], [-87.64106, 41.6581], [-87.64143, 41.65809], [-87.64143, 41.65806], [-87.64142, 41.65799], [-87.64142, 41.65791], [-87.64142, 41.65784], [-87.64142, 41.65777], [-87.64142, 41.65777], [-87.64366, 41.65775], [-87.64384, 41.65772], [-87.64403, 41.65772], [-87.64421, 41.65772], [-87.64439, 41.65772], [-87.64457, 41.65772], [-87.64475, 41.65772], [-87.64499, 41.65774], [-87.64518, 41.65774], [-87.64536, 41.65775], [-87.64554, 41.65776], [-87.64573, 41.65777], [-87.64591, 41.65778], [-87.64609, 41.65775], [-87.64627, 41.65773], [-87.64645, 41.65771], [-87.64663, 41.65769], [-87.64682, 41.65766], [-87.64699, 41.65763], [-87.64699, 41.65764], [-87.647, 41.65787], [-87.64701, 41.65821], [-87.64704, 41.65879], [-87.64704, 41.65897], [-87.64705, 41.65905], [-87.64705, 41.65909], [-87.64706, 41.6593], [-87.64706, 41.65946], [-87.64707, 41.65963], [-87.64708, 41.65975], [-87.64708, 41.65987], [-87.64709, 41.65997], [-87.64709, 41.66006], [-87.64709, 41.66014], [-87.6471, 41.66019], [-87.6471, 41.6602], [-87.64711, 41.66054], [-87.64712, 41.66082], [-87.64714, 41.66115], [-87.64714, 41.66121], [-87.64721, 41.66301], [-87.64722, 41.66316], [-87.64718, 41.66316], [-87.64718, 41.66316], [-87.6469, 41.66316], [-87.64689, 41.66316], [-87.64667, 41.66317], [-87.64629, 41.66317], [-87.64609, 41.66318], [-87.64587, 41.66318], [-87.64569, 41.66318], [-87.64565, 41.66318], [-87.64543, 41.66319], [-87.64508, 41.66319], [-87.64489, 41.66319], [-87.64466, 41.6632], [-87.64448, 41.6632], [-87.64445, 41.6632], [-87.64438, 41.6632], [-87.64423, 41.6632], [-87.64386, 41.66321], [-87.64365, 41.66321], [-87.64332, 41.66322], [-87.64326, 41.66322], [-87.64304, 41.66322], [-87.64283, 41.66322], [-87.64265, 41.66323], [-87.64238, 41.66323], [-87.64216, 41.66324], [-87.64205, 41.66324], [-87.64189, 41.66324], [-87.64151, 41.66324], [-87.64142, 41.66325], [-87.64148, 41.66507], [-87.64154, 41.66689], [-87.6416, 41.66871], [-87.64167, 41.67054], [-87.64174, 41.67054], [-87.64192, 41.67054], [-87.64214, 41.67053], [-87.64227, 41.67053], [-87.64241, 41.67053], [-87.64268, 41.67053], [-87.64288, 41.67052], [-87.64309, 41.67052], [-87.64329, 41.67051], [-87.64349, 41.67051], [-87.64354, 41.67051], [-87.64385, 41.67051], [-87.6441, 41.6705], [-87.64431, 41.6705], [-87.64439, 41.6705], [-87.64469, 41.67049], [-87.64471, 41.67049], [-87.6451, 41.67049], [-87.64532, 41.67049], [-87.64555, 41.67048], [-87.64592, 41.67048], [-87.64593, 41.67048], [-87.64633, 41.67047], [-87.64653, 41.67047], [-87.64673, 41.67046], [-87.64715, 41.67046], [-87.6472, 41.67046], [-87.64749, 41.67045], [-87.64776, 41.67045], [-87.64793, 41.67044], [-87.64834, 41.67044], [-87.64836, 41.67044], [-87.64873, 41.67043], [-87.64897, 41.67043], [-87.64929, 41.67042], [-87.64958, 41.67042], [-87.64959, 41.67042], [-87.64996, 41.67041], [-87.65019, 41.67041], [-87.65047, 41.67041], [-87.6508, 41.6704], [-87.65083, 41.6704], [-87.65121, 41.6704], [-87.65141, 41.67039], [-87.65159, 41.67039], [-87.65201, 41.67038], [-87.65204, 41.67038], [-87.65242, 41.67038], [-87.65263, 41.67037], [-87.65274, 41.67037], [-87.65324, 41.67036], [-87.65328, 41.67036], [-87.65346, 41.67036], [-87.65351, 41.67036], [-87.65384, 41.67036], [-87.65407, 41.67035], [-87.65435, 41.67035], [-87.65445, 41.67035], [-87.65461, 41.67034], [-87.65485, 41.67034], [-87.65507, 41.67034], [-87.65524, 41.67033], [-87.65564, 41.67033], [-87.65567, 41.67033], [-87.65596, 41.67032], [-87.65628, 41.67032], [-87.65656, 41.67031], [-87.65688, 41.67031], [-87.65712, 41.67031], [-87.65712, 41.67031], [-87.65725, 41.6703], [-87.65749, 41.6703], [-87.65775, 41.6703], [-87.65807, 41.67029], [-87.65829, 41.67029], [-87.6585, 41.67029], [-87.65865, 41.67029], [-87.65872, 41.67031], [-87.65879, 41.67033], [-87.65889, 41.67033], [-87.65907, 41.67032], [-87.65936, 41.67032], [-87.66115, 41.67034], [-87.66116, 41.67053], [-87.66116, 41.67074], [-87.66117, 41.671], [-87.66118, 41.67124], [-87.66119, 41.67145], [-87.6612, 41.67167], [-87.66121, 41.67207], [-87.66122, 41.6723], [-87.66123, 41.67255], [-87.66123, 41.6728], [-87.66124, 41.67306], [-87.66125, 41.67328], [-87.66126, 41.67348], [-87.66127, 41.67373], [-87.66127, 41.67389], [-87.66128, 41.67416], [-87.66129, 41.67437], [-87.66129, 41.67457], [-87.6613, 41.67476], [-87.66131, 41.67495], [-87.66131, 41.67508], [-87.66132, 41.67525], [-87.66132, 41.67526], [-87.66132, 41.67533], [-87.66132, 41.6754], [-87.66133, 41.67571], [-87.66135, 41.67638], [-87.66136, 41.6767], [-87.66137, 41.67702], [-87.66138, 41.67731], [-87.66138, 41.67745], [-87.66137, 41.67754], [-87.66156, 41.67754], [-87.66176, 41.67754], [-87.66214, 41.67753], [-87.66234, 41.67752], [-87.66246, 41.67752], [-87.66253, 41.67752], [-87.66299, 41.67751], [-87.66334, 41.6775], [-87.66374, 41.67749], [-87.66404, 41.67749], [-87.66434, 41.67748], [-87.66464, 41.67748], [-87.66503, 41.67747], [-87.6653, 41.67747], [-87.66558, 41.67746], [-87.66605, 41.67745], [-87.66624, 41.67745], [-87.66645, 41.67744], [-87.66677, 41.67744], [-87.66677, 41.67744], [-87.6668, 41.67735], [-87.66719, 41.67632], [-87.66732, 41.67596], [-87.66743, 41.67599], [-87.6684, 41.67619], [-87.6684, 41.67619], [-87.6684, 41.6762], [-87.66802, 41.67723], [-87.66798, 41.67733], [-87.66795, 41.67742], [-87.66803, 41.67742], [-87.66829, 41.67741], [-87.6685, 41.67741], [-87.66859, 41.67741], [-87.66893, 41.6774], [-87.66946, 41.67739], [-87.66983, 41.67739], [-87.67017, 41.67738], [-87.67054, 41.67737], [-87.67085, 41.67737], [-87.6711, 41.67736], [-87.67116, 41.67736], [-87.67126, 41.67735], [-87.67136, 41.67735], [-87.67161, 41.67735], [-87.67169, 41.67735], [-87.67188, 41.67734], [-87.67217, 41.67734], [-87.6724, 41.67733], [-87.6726, 41.67733], [-87.67267, 41.67733], [-87.67298, 41.67733], [-87.67323, 41.67732], [-87.67339, 41.67732], [-87.6736, 41.67732], [-87.67387, 41.67731], [-87.67393, 41.67731], [-87.67409, 41.67731], [-87.67439, 41.6773], [-87.67463, 41.6773], [-87.67489, 41.67729], [-87.67516, 41.67729], [-87.67545, 41.67728], [-87.6757, 41.67728], [-87.67601, 41.67727], [-87.67633, 41.67727], [-87.67662, 41.67726], [-87.67689, 41.67726], [-87.67723, 41.67725], [-87.67749, 41.67725], [-87.67784, 41.67724], [-87.67817, 41.67723], [-87.6785, 41.67723], [-87.67876, 41.67723], [-87.6788, 41.67723], [-87.67891, 41.67723], [-87.67936, 41.67723], [-87.67956, 41.67723], [-87.67988, 41.67724], [-87.68038, 41.67724], [-87.6807, 41.67726], [-87.68084, 41.67726], [-87.68113, 41.67727], [-87.68132, 41.67728], [-87.68137, 41.67729], [-87.68169, 41.6773], [-87.68193, 41.6773], [-87.68241, 41.67729], [-87.68254, 41.67728], [-87.68285, 41.67727], [-87.68315, 41.67726], [-87.68376, 41.67725], [-87.68438, 41.67724], [-87.68472, 41.67723], [-87.68497, 41.67723], [-87.68498, 41.67722], [-87.68499, 41.67722], [-87.68522, 41.67722], [-87.6856, 41.67721], [-87.68592, 41.67721], [-87.68621, 41.67721], [-87.68616, 41.6773], [-87.68614, 41.67735], [-87.68601, 41.67765], [-87.68593, 41.67783], [-87.68587, 41.67797], [-87.68578, 41.6782], [-87.68571, 41.67844], [-87.68566, 41.67866], [-87.68565, 41.67867], [-87.68561, 41.67891], [-87.68558, 41.67915], [-87.68557, 41.67939], [-87.68557, 41.67962], [-87.68571, 41.68405], [-87.68572, 41.68437], [-87.68572, 41.68448], [-87.68584, 41.68447], [-87.68621, 41.68447], [-87.68647, 41.68447], [-87.68682, 41.68446], [-87.68706, 41.68446], [-87.6875, 41.68445], [-87.68773, 41.68445], [-87.68807, 41.68444], [-87.68829, 41.68444], [-87.68862, 41.68443], [-87.6889, 41.68443], [-87.68899, 41.68443], [-87.68927, 41.68442], [-87.68952, 41.68442], [-87.6899, 41.68442], [-87.68992, 41.68442], [-87.6901, 41.68441], [-87.69053, 41.68441], [-87.69099, 41.6844], [-87.69139, 41.68439], [-87.69184, 41.68439], [-87.69232, 41.68438], [-87.69314, 41.68437], [-87.69357, 41.68436], [-87.69406, 41.68436], [-87.6944, 41.68435], [-87.69469, 41.68435], [-87.69519, 41.68434], [-87.69563, 41.68433], [-87.69564, 41.68481], [-87.69567, 41.68567], [-87.6957, 41.68636], [-87.69576, 41.68799], [-87.69576, 41.68808], [-87.69605, 41.68808], [-87.69606, 41.68807], [-87.69609, 41.68806], [-87.69615, 41.68803], [-87.69621, 41.68803], [-87.69625, 41.68802], [-87.69643, 41.68801], [-87.69659, 41.68799], [-87.69661, 41.68798], [-87.69678, 41.68798], [-87.69709, 41.68797], [-87.69743, 41.68796], [-87.69765, 41.68795], [-87.69766, 41.68795], [-87.69799, 41.68794], [-87.69826, 41.68795], [-87.69844, 41.68795], [-87.69882, 41.68794], [-87.69887, 41.68794], [-87.69904, 41.68794], [-87.69936, 41.68794], [-87.69947, 41.68793], [-87.69946, 41.68772], [-87.69946, 41.68758], [-87.69945, 41.6874], [-87.69944, 41.6872], [-87.69944, 41.68698], [-87.69943, 41.68677], [-87.69942, 41.68658], [-87.69942, 41.68652], [-87.69941, 41.68633], [-87.6994, 41.68615], [-87.6994, 41.68615], [-87.70062, 41.68614], [-87.70062, 41.68613], [-87.70062, 41.68594], [-87.70061, 41.6857], [-87.7006, 41.68562], [-87.7006, 41.68542], [-87.70059, 41.6852], [-87.70058, 41.68497], [-87.70057, 41.68471], [-87.70056, 41.68453], [-87.70055, 41.68426], [-87.70124, 41.68425], [-87.70165, 41.68425], [-87.70216, 41.68424], [-87.70265, 41.68423], [-87.70298, 41.68423], [-87.70328, 41.68422], [-87.70368, 41.68421], [-87.70401, 41.68421], [-87.70451, 41.6842], [-87.70487, 41.6842], [-87.70504, 41.68419], [-87.70542, 41.68419], [-87.7054, 41.68393], [-87.7054, 41.68375], [-87.7054, 41.68374], [-87.70539, 41.6836], [-87.70539, 41.68349], [-87.70538, 41.68328], [-87.70537, 41.68306], [-87.70536, 41.68287], [-87.70536, 41.68283], [-87.70536, 41.68267], [-87.70535, 41.68251], [-87.70535, 41.68244], [-87.70534, 41.68236], [-87.70534, 41.68227], [-87.70533, 41.68205], [-87.70533, 41.68191], [-87.70532, 41.68186], [-87.70532, 41.68176], [-87.70531, 41.68158], [-87.70531, 41.68145], [-87.7053, 41.68127], [-87.7053, 41.68117], [-87.70529, 41.68102], [-87.70529, 41.68099], [-87.70528, 41.68084], [-87.70528, 41.68069], [-87.70528, 41.68058], [-87.70529, 41.68055], [-87.7054, 41.68055], [-87.70723, 41.68052], [-87.70771, 41.68051], [-87.70771, 41.68056], [-87.70772, 41.6806], [-87.70783, 41.6806], [-87.7083, 41.68059], [-87.70885, 41.68058], [-87.71002, 41.68057], [-87.71026, 41.68056], [-87.7104, 41.68056], [-87.71054, 41.68056], [-87.71068, 41.68056], [-87.71081, 41.68055], [-87.71095, 41.68055], [-87.71109, 41.68055], [-87.71123, 41.68055], [-87.71136, 41.68054], [-87.71137, 41.68089], [-87.71138, 41.68093], [-87.71139, 41.68127], [-87.71158, 41.68127], [-87.71158, 41.68136], [-87.71158, 41.68145], [-87.7116, 41.68179], [-87.7116, 41.68183], [-87.71141, 41.68184], [-87.71143, 41.68218], [-87.71144, 41.68236], [-87.71145, 41.68271], [-87.71145, 41.68275], [-87.71147, 41.6831], [-87.71147, 41.68328], [-87.71149, 41.68362], [-87.71149, 41.68367], [-87.7115, 41.68401], [-87.71151, 41.68409], [-87.71161, 41.68409], [-87.71193, 41.68409], [-87.71212, 41.68409], [-87.71232, 41.68408], [-87.71273, 41.68408], [-87.71321, 41.68407], [-87.7135, 41.68407], [-87.71383, 41.68406], [-87.71411, 41.68406], [-87.71448, 41.68405], [-87.71469, 41.68405], [-87.71515, 41.68404], [-87.71548, 41.68404], [-87.71585, 41.68403], [-87.71632, 41.68402], [-87.71655, 41.68402], [-87.71694, 41.68401], [-87.71727, 41.68401], [-87.71738, 41.68401], [-87.7176, 41.684], [-87.71782, 41.684], [-87.71862, 41.68399], [-87.71896, 41.68398], [-87.71931, 41.68398], [-87.72006, 41.68397], [-87.7205, 41.68396], [-87.72078, 41.68395], [-87.72126, 41.68395], [-87.72157, 41.68394], [-87.72183, 41.68394], [-87.72183, 41.68403], [-87.72369, 41.684], [-87.72489, 41.68398], [-87.72489, 41.684], [-87.72489, 41.684], [-87.72853, 41.68393], [-87.72975, 41.68391], [-87.7346, 41.68383], [-87.73907, 41.68375], [-87.73927, 41.68375], [-87.73928, 41.68397], [-87.73949, 41.68913], [-87.73966, 41.68913], [-87.73974, 41.69078], [-87.73928, 41.69079], [-87.73489, 41.69087], [-87.73245, 41.69091], [-87.73002, 41.69095], [-87.72881, 41.69098], [-87.72517, 41.69104], [-87.72518, 41.69118], [-87.72034, 41.69127], [-87.72032, 41.69127], [-87.72032, 41.69128], [-87.72033, 41.69163], [-87.72034, 41.69172], [-87.72035, 41.6919], [-87.72037, 41.69221], [-87.72039, 41.69251], [-87.72039, 41.69256], [-87.7204, 41.6928], [-87.72041, 41.69306], [-87.72041, 41.6932], [-87.72043, 41.6936], [-87.72044, 41.69402], [-87.72047, 41.6946], [-87.72048, 41.69485], [-87.72048, 41.69498], [-87.72049, 41.69527], [-87.7205, 41.69557], [-87.72051, 41.69577], [-87.72052, 41.69595], [-87.72053, 41.69615], [-87.72053, 41.69625], [-87.72053, 41.6963], [-87.72054, 41.6965], [-87.72055, 41.69679], [-87.72057, 41.69711], [-87.72059, 41.69745], [-87.7206, 41.69776], [-87.72061, 41.69801], [-87.72063, 41.69835], [-87.72064, 41.69857], [-87.72065, 41.69888], [-87.72065, 41.69902], [-87.72066, 41.69928], [-87.72067, 41.69948], [-87.72068, 41.69981], [-87.72068, 41.69997], [-87.72068, 41.70025], [-87.72069, 41.7004], [-87.7207, 41.70069], [-87.72071, 41.7009], [-87.72072, 41.70116], [-87.72072, 41.70131], [-87.72074, 41.7016], [-87.72074, 41.70181], [-87.72074, 41.70181], [-87.72075, 41.70201], [-87.72076, 41.70223], [-87.72076, 41.70245], [-87.72077, 41.70264], [-87.72079, 41.70297], [-87.72079, 41.7031], [-87.72079, 41.70311], [-87.72079, 41.70319], [-87.7208, 41.70325], [-87.72081, 41.7036], [-87.72082, 41.70379], [-87.72083, 41.70404], [-87.72083, 41.70409], [-87.72084, 41.70428], [-87.72085, 41.70448], [-87.72087, 41.7048], [-87.72088, 41.70501], [-87.72089, 41.70519], [-87.7209, 41.70551], [-87.72091, 41.7057], [-87.72091, 41.70581], [-87.72092, 41.70587], [-87.72092, 41.70594], [-87.72092, 41.70612], [-87.72093, 41.70631], [-87.72094, 41.70652], [-87.72095, 41.70677], [-87.72095, 41.70702], [-87.72096, 41.70727], [-87.72097, 41.70752], [-87.72098, 41.7077], [-87.72098, 41.70787], [-87.72099, 41.70804], [-87.72099, 41.70818], [-87.721, 41.70838], [-87.721, 41.7085], [-87.72101, 41.70872], [-87.72102, 41.7089], [-87.72102, 41.70907], [-87.72103, 41.70923], [-87.72103, 41.7095], [-87.72104, 41.7097], [-87.72105, 41.70989], [-87.72105, 41.70997], [-87.72105, 41.71001], [-87.72106, 41.71024], [-87.72106, 41.71046], [-87.72107, 41.71069], [-87.72108, 41.71099], [-87.72108, 41.71117], [-87.72109, 41.71135], [-87.72109, 41.71156], [-87.72109, 41.71168], [-87.72109, 41.71184], [-87.7211, 41.71205], [-87.7211, 41.71225], [-87.7211, 41.71239], [-87.7211, 41.71253], [-87.72111, 41.7127], [-87.72112, 41.71292], [-87.72113, 41.71317], [-87.72079, 41.71318], [-87.72054, 41.71318], [-87.72048, 41.71318], [-87.72034, 41.71318], [-87.72014, 41.71319], [-87.71991, 41.71319], [-87.71958, 41.71319], [-87.71947, 41.7132], [-87.71929, 41.7132], [-87.71915, 41.7132], [-87.71896, 41.7132], [-87.71869, 41.71321], [-87.71843, 41.71321], [-87.71837, 41.71321], [-87.71817, 41.71322], [-87.71808, 41.71322], [-87.71798, 41.71322], [-87.71762, 41.71322], [-87.71746, 41.71323], [-87.71723, 41.71323], [-87.7171, 41.71323], [-87.71706, 41.71323], [-87.71685, 41.71324], [-87.71685, 41.71324], [-87.71662, 41.71324], [-87.71644, 41.71324], [-87.71624, 41.71324], [-87.71594, 41.71325], [-87.71574, 41.71325], [-87.71563, 41.71325], [-87.71551, 41.71325], [-87.71529, 41.71326], [-87.71502, 41.71326], [-87.71473, 41.71327], [-87.71454, 41.71327], [-87.71441, 41.71327], [-87.71432, 41.71327], [-87.71416, 41.71327], [-87.71404, 41.71328], [-87.7138, 41.71328], [-87.71353, 41.71328], [-87.7133, 41.71329], [-87.71313, 41.71329], [-87.71297, 41.71329], [-87.71283, 41.71329], [-87.71258, 41.7133], [-87.71258, 41.71319], [-87.71252, 41.71147], [-87.71145, 41.71149], [-87.7113, 41.71149], [-87.71129, 41.7113], [-87.71128, 41.71105], [-87.71127, 41.71073], [-87.71127, 41.71052], [-87.71126, 41.71033], [-87.71125, 41.71013], [-87.71125, 41.70994], [-87.71125, 41.70992], [-87.71124, 41.70985], [-87.71124, 41.70967], [-87.71123, 41.70946], [-87.71123, 41.7093], [-87.71122, 41.70917], [-87.71122, 41.70904], [-87.71121, 41.70885], [-87.71121, 41.70867], [-87.7112, 41.70848], [-87.7112, 41.70831], [-87.71119, 41.70803], [-87.71118, 41.70785], [-87.71118, 41.70766], [-87.71117, 41.70752], [-87.71117, 41.70731], [-87.71116, 41.70708], [-87.71115, 41.70694], [-87.71115, 41.70672], [-87.71114, 41.70651], [-87.71113, 41.70634], [-87.71113, 41.70613], [-87.71112, 41.70607], [-87.71019, 41.70609], [-87.70996, 41.70609], [-87.70921, 41.70609], [-87.70873, 41.70609], [-87.70853, 41.7061], [-87.70792, 41.7061], [-87.70746, 41.70611], [-87.70737, 41.70611], [-87.70684, 41.70612], [-87.70635, 41.70613], [-87.70624, 41.70613], [-87.70583, 41.70613], [-87.70542, 41.70614], [-87.70504, 41.70615], [-87.70502, 41.70615], [-87.70451, 41.70615], [-87.70416, 41.70616], [-87.70382, 41.70616], [-87.70379, 41.70616], [-87.70341, 41.70617], [-87.70309, 41.70617], [-87.70261, 41.70618], [-87.70255, 41.70618], [-87.70214, 41.70617], [-87.70173, 41.70617], [-87.70132, 41.70618], [-87.70133, 41.70624], [-87.70135, 41.70663], [-87.70136, 41.70687], [-87.70137, 41.70705], [-87.7012, 41.70708], [-87.69902, 41.70711], [-87.69878, 41.70711], [-87.69856, 41.70711], [-87.69844, 41.70712], [-87.69832, 41.70712], [-87.69787, 41.70712], [-87.69741, 41.70713], [-87.69729, 41.70712], [-87.69717, 41.70713], [-87.69668, 41.70714], [-87.69631, 41.70715], [-87.69585, 41.70715], [-87.69553, 41.70716], [-87.69512, 41.70716], [-87.69482, 41.70717], [-87.69452, 41.70717], [-87.69414, 41.70717], [-87.69398, 41.70718], [-87.69369, 41.70718], [-87.69339, 41.70718], [-87.69304, 41.70719], [-87.69284, 41.70719], [-87.69265, 41.70719], [-87.69235, 41.70719], [-87.69208, 41.7072], [-87.69206, 41.7072], [-87.69152, 41.7072], [-87.69153, 41.70741], [-87.69154, 41.70759], [-87.69154, 41.70774], [-87.69155, 41.70803], [-87.69156, 41.70811], [-87.69156, 41.70832], [-87.69157, 41.70844], [-87.69157, 41.70868], [-87.69158, 41.7089], [-87.69159, 41.70902], [-87.69159, 41.70919], [-87.6916, 41.70937], [-87.6916, 41.70957], [-87.69161, 41.70981], [-87.69162, 41.70993], [-87.69162, 41.71013], [-87.69163, 41.71028], [-87.69163, 41.71049], [-87.69164, 41.71062], [-87.69165, 41.71084], [-87.69165, 41.71104], [-87.69166, 41.71123], [-87.69166, 41.71142], [-87.69167, 41.71155], [-87.69167, 41.71175], [-87.69168, 41.71196], [-87.69169, 41.71212], [-87.69169, 41.71231], [-87.6917, 41.71245], [-87.6917, 41.71265], [-87.69171, 41.71289], [-87.69172, 41.71308], [-87.69172, 41.71309], [-87.69172, 41.71323], [-87.69173, 41.71342], [-87.69173, 41.71357], [-87.69141, 41.71357], [-87.69125, 41.71357], [-87.6911, 41.71357], [-87.69102, 41.71357], [-87.69086, 41.71358], [-87.69067, 41.71358], [-87.69049, 41.71358], [-87.69027, 41.71358], [-87.69002, 41.71359], [-87.68979, 41.71359], [-87.68963, 41.71359], [-87.68951, 41.71359], [-87.68926, 41.71359], [-87.68897, 41.7136], [-87.68872, 41.7136], [-87.68851, 41.7136], [-87.68823, 41.7136], [-87.68801, 41.71361], [-87.68771, 41.71361], [-87.68746, 41.71361], [-87.68715, 41.71362], [-87.68677, 41.71362], [-87.68662, 41.71362], [-87.68639, 41.71362], [-87.68616, 41.71363], [-87.68588, 41.71363], [-87.68556, 41.71363], [-87.68546, 41.71363], [-87.68531, 41.71363], [-87.68511, 41.71364], [-87.68495, 41.71364], [-87.68471, 41.71364], [-87.68457, 41.71364], [-87.68434, 41.71365], [-87.68405, 41.71365], [-87.68381, 41.71365], [-87.68373, 41.71365], [-87.68364, 41.71365], [-87.68337, 41.71366], [-87.68312, 41.71366], [-87.68291, 41.71366], [-87.68272, 41.71367], [-87.68253, 41.71367], [-87.6825, 41.71367], [-87.6823, 41.71367], [-87.6821, 41.71367], [-87.68184, 41.71366], [-87.68185, 41.71392], [-87.68185, 41.71412], [-87.68186, 41.71438], [-87.68187, 41.71465], [-87.68188, 41.71496], [-87.68189, 41.71527], [-87.6819, 41.7155], [-87.68191, 41.71584], [-87.68192, 41.71612], [-87.68193, 41.71643], [-87.68193, 41.71662], [-87.68193, 41.71662], [-87.68195, 41.71698], [-87.68196, 41.71728], [-87.68196, 41.71757], [-87.68197, 41.71778], [-87.68198, 41.71812], [-87.68199, 41.71851], [-87.682, 41.71876], [-87.68201, 41.71911], [-87.68202, 41.71954], [-87.68203, 41.71989], [-87.68204, 41.72023], [-87.68205, 41.72058], [-87.68206, 41.72088], [-87.68206, 41.72094], [-87.68207, 41.72101], [-87.68208, 41.7213], [-87.68209, 41.72163], [-87.68209, 41.72183], [-87.6821, 41.72223], [-87.68211, 41.72252], [-87.68212, 41.72278], [-87.68213, 41.72306], [-87.68214, 41.72335], [-87.68214, 41.72348], [-87.68216, 41.72382], [-87.68217, 41.72431], [-87.68218, 41.7245], [-87.68218, 41.72477], [-87.6822, 41.72527], [-87.6822, 41.72532], [-87.68222, 41.72579], [-87.68223, 41.72634], [-87.68224, 41.72639], [-87.68224, 41.72669], [-87.68227, 41.72744], [-87.68228, 41.72786], [-87.68228, 41.72792], [-87.68229, 41.72824], [-87.6823, 41.72852], [-87.68231, 41.72875], [-87.68232, 41.72908], [-87.68233, 41.72942], [-87.68234, 41.72981], [-87.68235, 41.73006], [-87.68235, 41.73034], [-87.68236, 41.7306], [-87.68238, 41.73107], [-87.68239, 41.73148], [-87.6824, 41.73188], [-87.68242, 41.7323], [-87.68243, 41.73281], [-87.68245, 41.73325], [-87.68246, 41.73354], [-87.68247, 41.73393], [-87.68248, 41.73433], [-87.68249, 41.73466], [-87.6825, 41.73506], [-87.68251, 41.73546], [-87.68251, 41.73553], [-87.68252, 41.73553], [-87.68299, 41.73552], [-87.68344, 41.73551], [-87.68388, 41.73551], [-87.68414, 41.7355], [-87.68441, 41.73549], [-87.68482, 41.73549], [-87.68519, 41.73548], [-87.68534, 41.73548], [-87.68571, 41.73547], [-87.68603, 41.73547], [-87.6863, 41.73546], [-87.6865, 41.73546], [-87.68674, 41.73546], [-87.68695, 41.73545], [-87.68717, 41.73545], [-87.68744, 41.73545], [-87.68767, 41.73544], [-87.68824, 41.73543], [-87.68826, 41.73543], [-87.68861, 41.73542], [-87.68895, 41.73542], [-87.68953, 41.73541], [-87.68966, 41.73541], [-87.68999, 41.7354], [-87.69043, 41.73539], [-87.691, 41.73538], [-87.69168, 41.73537], [-87.69225, 41.73536], [-87.69233, 41.73536], [-87.69279, 41.73535], [-87.69323, 41.73535], [-87.6936, 41.73534], [-87.69401, 41.73533], [-87.69453, 41.73532], [-87.69465, 41.73532], [-87.69495, 41.73531], [-87.69547, 41.7353], [-87.69604, 41.7353], [-87.6966, 41.73529], [-87.69711, 41.73528], [-87.69723, 41.73528], [-87.69763, 41.73527], [-87.69805, 41.73526], [-87.69855, 41.73526], [-87.699, 41.73525], [-87.69907, 41.73525], [-87.69953, 41.73524], [-87.70021, 41.73523], [-87.70049, 41.73522], [-87.70063, 41.73522], [-87.70093, 41.73522], [-87.70124, 41.73521], [-87.70147, 41.73522], [-87.7017, 41.73521], [-87.70209, 41.73519], [-87.70215, 41.73519], [-87.7028, 41.73518], [-87.70347, 41.73516], [-87.70451, 41.73515], [-87.70465, 41.73515], [-87.7061, 41.73512], [-87.70691, 41.73511], [-87.70707, 41.73511], [-87.70769, 41.7351], [-87.70846, 41.73509], [-87.70916, 41.73508], [-87.70934, 41.73508], [-87.71003, 41.73507], [-87.71121, 41.73504], [-87.71168, 41.73503], [-87.71193, 41.73503], [-87.71198, 41.73503], [-87.71278, 41.73502], [-87.71399, 41.73499], [-87.71414, 41.73498], [-87.7147, 41.73497], [-87.71562, 41.73496], [-87.71657, 41.73494], [-87.71695, 41.73494], [-87.71817, 41.73491], [-87.71898, 41.7349], [-87.71901, 41.7349], [-87.7197, 41.73489], [-87.72092, 41.73487], [-87.72107, 41.73487], [-87.72144, 41.73486], [-87.72234, 41.73484], [-87.72265, 41.73484], [-87.72359, 41.73482], [-87.72386, 41.73482], [-87.72474, 41.7348], [-87.72507, 41.73479], [-87.72596, 41.73478], [-87.72628, 41.73477], [-87.72716, 41.73473], [-87.7275, 41.73473], [-87.72791, 41.73472], [-87.72867, 41.73471], [-87.72871, 41.73471], [-87.7294, 41.7347], [-87.72992, 41.73469], [-87.73002, 41.73469], [-87.73111, 41.73467], [-87.73114, 41.73467], [-87.73233, 41.73465], [-87.73235, 41.73465], [-87.73356, 41.73463], [-87.73358, 41.73463], [-87.73478, 41.73461], [-87.73496, 41.7346], [-87.73599, 41.73459], [-87.73631, 41.73458], [-87.73721, 41.73457], [-87.73757, 41.73456], [-87.73826, 41.73455], [-87.7384, 41.73456], [-87.73842, 41.73456], [-87.73851, 41.73456], [-87.73861, 41.73457], [-87.73871, 41.73456], [-87.73904, 41.73456], [-87.73953, 41.73456], [-87.73964, 41.73456], [-87.74016, 41.73455], [-87.74107, 41.73452], [-87.74103, 41.73491], [-87.74102, 41.73496], [-87.74099, 41.73523], [-87.74095, 41.73556], [-87.74094, 41.73581], [-87.74093, 41.73604], [-87.74093, 41.73636], [-87.74093, 41.73662], [-87.74093, 41.73687], [-87.74094, 41.73723], [-87.74095, 41.73749], [-87.74095, 41.73752], [-87.74095, 41.73752], [-87.74097, 41.73789], [-87.74097, 41.73819], [-87.74098, 41.73842], [-87.74099, 41.73865], [-87.741, 41.73887], [-87.74101, 41.73911], [-87.74102, 41.73937], [-87.74103, 41.73977], [-87.74104, 41.73998], [-87.74105, 41.74021], [-87.74106, 41.74056], [-87.74107, 41.74096], [-87.74108, 41.74129], [-87.74109, 41.74164], [-87.7411, 41.7419], [-87.74111, 41.7422], [-87.74112, 41.74239], [-87.74113, 41.74267], [-87.74114, 41.74299], [-87.74116, 41.74342], [-87.74116, 41.74355], [-87.74118, 41.7439], [-87.7412, 41.74433], [-87.7412, 41.74438], [-87.7412, 41.74439], [-87.74121, 41.7447], [-87.74122, 41.74508], [-87.74123, 41.74544], [-87.74123, 41.74562], [-87.74125, 41.74597], [-87.74126, 41.74629], [-87.74127, 41.74674], [-87.74129, 41.74726], [-87.74129, 41.74736], [-87.7413, 41.74765], [-87.7413, 41.74805], [-87.74131, 41.74837], [-87.74132, 41.74872], [-87.74136, 41.74915], [-87.74139, 41.74952], [-87.7414, 41.74982], [-87.74141, 41.75027], [-87.74141, 41.75067], [-87.74142, 41.75099], [-87.74143, 41.75124], [-87.74144, 41.75149], [-87.74146, 41.75168], [-87.74147, 41.75178], [-87.74147, 41.75228], [-87.74148, 41.75249], [-87.7415, 41.75267], [-87.7415, 41.75284], [-87.7415, 41.75284], [-87.74149, 41.75307], [-87.7415, 41.75329], [-87.7415, 41.75344], [-87.7415, 41.75373], [-87.74151, 41.75396], [-87.74152, 41.75435], [-87.74153, 41.75467], [-87.74153, 41.7547], [-87.74154, 41.75488], [-87.74155, 41.75527], [-87.74157, 41.75579], [-87.74159, 41.75637], [-87.7416, 41.75651], [-87.74162, 41.75706], [-87.74163, 41.75719], [-87.74163, 41.7573], [-87.74163, 41.75735], [-87.74164, 41.7575], [-87.74165, 41.75785], [-87.74166, 41.75811], [-87.74167, 41.75853], [-87.74168, 41.75873], [-87.74169, 41.7588], [-87.74169, 41.75894], [-87.74172, 41.75959], [-87.74173, 41.75977], [-87.74176, 41.76015], [-87.74177, 41.7604], [-87.74178, 41.76046], [-87.74179, 41.76084], [-87.74178, 41.76128], [-87.74182, 41.76192], [-87.74184, 41.76227], [-87.74185, 41.76259], [-87.74187, 41.76297], [-87.74187, 41.76328], [-87.74188, 41.76361], [-87.7419, 41.76412], [-87.7419, 41.76413], [-87.7419, 41.7643], [-87.74194, 41.76595], [-87.74197, 41.76766], [-87.74201, 41.76941], [-87.74203, 41.7704], [-87.74204, 41.77068], [-87.74205, 41.77113], [-87.74207, 41.77155], [-87.74207, 41.77179], [-87.74207, 41.77183], [-87.74207, 41.77185], [-87.74208, 41.7721], [-87.74209, 41.77232], [-87.74209, 41.77257], [-87.7421, 41.77281], [-87.7421, 41.77296], [-87.74211, 41.77333], [-87.74212, 41.77359], [-87.74213, 41.7739], [-87.74214, 41.77419], [-87.74215, 41.77445], [-87.74217, 41.77478], [-87.74268, 41.77476], [-87.74279, 41.77476], [-87.74287, 41.77475], [-87.74308, 41.77475], [-87.74339, 41.77474], [-87.74355, 41.77474], [-87.74392, 41.77473], [-87.744, 41.77473], [-87.74401, 41.77473], [-87.74418, 41.77473], [-87.74446, 41.77472], [-87.74461, 41.77472], [-87.74477, 41.77471], [-87.74501, 41.77471], [-87.74521, 41.7747], [-87.74523, 41.7747], [-87.74541, 41.7747], [-87.74566, 41.77469], [-87.74583, 41.77469], [-87.74601, 41.77469], [-87.74629, 41.77468], [-87.74643, 41.77468], [-87.7465, 41.77468], [-87.74671, 41.77467], [-87.7469, 41.77467], [-87.74704, 41.77467], [-87.74704, 41.77475], [-87.74716, 41.77475], [-87.74875, 41.77472], [-87.75213, 41.77466], [-87.7543, 41.77462], [-87.7554, 41.7746], [-87.75661, 41.77458], [-87.78112, 41.77409], [-87.78171, 41.77408], [-87.78247, 41.77407], [-87.78336, 41.77406], [-87.78387, 41.77405], [-87.7851, 41.77403], [-87.78573, 41.77402], [-87.78607, 41.77401], [-87.78693, 41.774], [-87.78815, 41.77398], [-87.78851, 41.77397], [-87.78979, 41.77395], [-87.79078, 41.77394], [-87.79129, 41.77393], [-87.7924, 41.77391], [-87.79321, 41.7739], [-87.79364, 41.77389], [-87.79429, 41.77388], [-87.79544, 41.77386], [-87.79594, 41.77386], [-87.79731, 41.77383], [-87.79838, 41.77382], [-87.79935, 41.7738], [-87.80074, 41.77378], [-87.80081, 41.77378], [-87.80081, 41.77386], [-87.80082, 41.77397], [-87.80082, 41.77405], [-87.80079, 41.77409], [-87.80078, 41.77414], [-87.80078, 41.7742], [-87.80078, 41.77435], [-87.80079, 41.77447], [-87.80079, 41.77464], [-87.8008, 41.77477], [-87.8008, 41.77487], [-87.80081, 41.77497], [-87.80081, 41.77507], [-87.80082, 41.7752], [-87.80083, 41.77538], [-87.80083, 41.77543], [-87.80083, 41.77547], [-87.80082, 41.7756], [-87.80084, 41.77603], [-87.80084, 41.77617], [-87.80085, 41.77626], [-87.80085, 41.77634], [-87.80089, 41.77657], [-87.80087, 41.7768], [-87.80087, 41.7768], [-87.80087, 41.77695], [-87.8009, 41.77729], [-87.80092, 41.77761], [-87.80093, 41.77783], [-87.80094, 41.77792], [-87.80094, 41.77811], [-87.80095, 41.77822], [-87.80095, 41.77827], [-87.80096, 41.77846], [-87.80097, 41.77863], [-87.80099, 41.77898], [-87.80101, 41.77913], [-87.801, 41.77935], [-87.80101, 41.77968], [-87.80102, 41.78003], [-87.80102, 41.78022], [-87.80104, 41.78053], [-87.80106, 41.78094], [-87.80107, 41.78119], [-87.80108, 41.78155], [-87.8011, 41.78186], [-87.80111, 41.78209], [-87.80112, 41.78236], [-87.80113, 41.78258], [-87.80113, 41.78277], [-87.80115, 41.78305], [-87.80116, 41.78336], [-87.80117, 41.78366], [-87.80118, 41.78374], [-87.80118, 41.78391], [-87.8012, 41.78419], [-87.8012, 41.78439], [-87.80121, 41.7846], [-87.80122, 41.78469], [-87.80123, 41.78492], [-87.80123, 41.7851], [-87.80124, 41.78529], [-87.80125, 41.78552], [-87.80126, 41.78567], [-87.80127, 41.78584], [-87.80127, 41.78599], [-87.80128, 41.78618], [-87.80129, 41.78642], [-87.8013, 41.78652], [-87.8013, 41.78665], [-87.80131, 41.78682], [-87.80132, 41.78702], [-87.80133, 41.78723], [-87.80133, 41.78733], [-87.80134, 41.78746], [-87.80134, 41.78765], [-87.80135, 41.78785], [-87.80136, 41.78803], [-87.80137, 41.78831], [-87.80138, 41.78845], [-87.80139, 41.78872], [-87.8014, 41.78901], [-87.80142, 41.78929], [-87.80143, 41.78957], [-87.80144, 41.78977], [-87.80145, 41.79013], [-87.80146, 41.79033], [-87.80147, 41.79063], [-87.80149, 41.79094], [-87.8015, 41.79126], [-87.80151, 41.79145], [-87.80152, 41.79162], [-87.80153, 41.79194], [-87.80154, 41.7922], [-87.80154, 41.79242], [-87.80155, 41.79265], [-87.80155, 41.7927], [-87.80156, 41.79283], [-87.80156, 41.79306], [-87.80157, 41.79323], [-87.80157, 41.79346], [-87.80158, 41.79361], [-87.80159, 41.79384], [-87.80159, 41.79394], [-87.80159, 41.79411], [-87.8016, 41.79434], [-87.8016, 41.7945], [-87.80161, 41.79466], [-87.80162, 41.79481], [-87.80161, 41.79576], [-87.80162, 41.79778], [-87.80163, 41.798], [-87.80137, 41.79808], [-87.8012, 41.79813], [-87.80102, 41.79819], [-87.8009, 41.79822], [-87.80066, 41.7983], [-87.8005, 41.79835], [-87.80035, 41.7984], [-87.8002, 41.79845], [-87.80005, 41.7985], [-87.7999, 41.79854], [-87.79974, 41.79859], [-87.79959, 41.79864], [-87.79944, 41.79869], [-87.79924, 41.79875], [-87.79904, 41.79881], [-87.79874, 41.79891], [-87.79856, 41.79897], [-87.79704, 41.79945], [-87.79678, 41.79945], [-87.79666, 41.79945], [-87.79418, 41.79949], [-87.79178, 41.79952], [-87.79052, 41.79954], [-87.78962, 41.79956], [-87.7896, 41.79957], [-87.78934, 41.79957], [-87.78913, 41.79957], [-87.78891, 41.79958], [-87.78876, 41.79958], [-87.78873, 41.79958], [-87.78857, 41.79959], [-87.78838, 41.7996], [-87.78813, 41.7996], [-87.78794, 41.79961], [-87.78769, 41.79961], [-87.78752, 41.79961], [-87.78746, 41.79961], [-87.78728, 41.79962], [-87.78711, 41.79962], [-87.78691, 41.79962], [-87.78675, 41.79962], [-87.78656, 41.79963], [-87.78641, 41.79963], [-87.7863, 41.79963], [-87.78619, 41.79963], [-87.78603, 41.79963], [-87.78588, 41.79964], [-87.78569, 41.79964], [-87.78545, 41.79964], [-87.78528, 41.79964], [-87.78509, 41.79965], [-87.78508, 41.79965], [-87.78491, 41.79965], [-87.78477, 41.79965], [-87.78448, 41.79966], [-87.78426, 41.79966], [-87.78407, 41.79966], [-87.7839, 41.79966], [-87.78386, 41.79967], [-87.78374, 41.79967], [-87.78354, 41.79967], [-87.78345, 41.79967], [-87.78325, 41.79967], [-87.78311, 41.79967], [-87.78292, 41.79967], [-87.78278, 41.79967], [-87.78264, 41.79967], [-87.78264, 41.79967], [-87.78251, 41.79967], [-87.7823, 41.79967], [-87.78203, 41.79967], [-87.78179, 41.79967], [-87.78164, 41.79967], [-87.78146, 41.79968], [-87.78142, 41.79968], [-87.78126, 41.79968], [-87.78111, 41.79968], [-87.78081, 41.79969], [-87.78056, 41.79969], [-87.78046, 41.7997], [-87.78034, 41.7997], [-87.7802, 41.7997], [-87.78015, 41.7997], [-87.77992, 41.79971], [-87.77959, 41.79971], [-87.7794, 41.79972], [-87.77924, 41.79972], [-87.77904, 41.79972], [-87.77898, 41.79972], [-87.77884, 41.79973], [-87.77869, 41.79973], [-87.77855, 41.79973], [-87.77838, 41.79974], [-87.77816, 41.79974], [-87.77795, 41.79975], [-87.77778, 41.79975], [-87.77776, 41.79975], [-87.77757, 41.79975], [-87.77745, 41.79976], [-87.77735, 41.79976], [-87.77715, 41.79976], [-87.77689, 41.79977], [-87.77674, 41.79977], [-87.77655, 41.79977], [-87.77652, 41.79978], [-87.77632, 41.79978], [-87.77614, 41.79978], [-87.77593, 41.79979], [-87.77566, 41.79979], [-87.77555, 41.7998], [-87.77533, 41.7998], [-87.77533, 41.7998], [-87.77519, 41.7998], [-87.775, 41.7998], [-87.77485, 41.79981], [-87.7747, 41.79981], [-87.77448, 41.79982], [-87.77431, 41.79982], [-87.77411, 41.79983], [-87.77397, 41.79983], [-87.77385, 41.79983], [-87.77365, 41.79983], [-87.7735, 41.79984], [-87.77329, 41.79985], [-87.77312, 41.79985], [-87.7729, 41.79986], [-87.77289, 41.79986], [-87.77269, 41.79987], [-87.77246, 41.79988], [-87.77228, 41.79988], [-87.77208, 41.79989], [-87.77182, 41.7999], [-87.77167, 41.7999], [-87.77164, 41.7999], [-87.77145, 41.7999], [-87.77128, 41.79991], [-87.77128, 41.79991], [-87.77106, 41.79991], [-87.77062, 41.79992], [-87.77045, 41.79992], [-87.77034, 41.79992], [-87.77015, 41.79993], [-87.76984, 41.79994], [-87.7696, 41.79994], [-87.76941, 41.79994], [-87.76923, 41.79995], [-87.76914, 41.79995], [-87.769, 41.79995], [-87.76862, 41.79996], [-87.76837, 41.79996], [-87.76818, 41.79997], [-87.76801, 41.79997], [-87.76799, 41.79997], [-87.76774, 41.79998], [-87.7674, 41.79998], [-87.76709, 41.79999], [-87.76682, 41.8], [-87.76678, 41.8], [-87.76659, 41.8], [-87.76618, 41.80001], [-87.76595, 41.80001], [-87.76579, 41.80002], [-87.76556, 41.80002], [-87.7655, 41.80002], [-87.76528, 41.80003], [-87.76512, 41.80003], [-87.76496, 41.80003], [-87.76479, 41.80004], [-87.76465, 41.80004], [-87.76445, 41.80004], [-87.76428, 41.80005], [-87.7639, 41.80005], [-87.76374, 41.80005], [-87.76361, 41.80005], [-87.76337, 41.80006], [-87.76313, 41.80006], [-87.76308, 41.80006], [-87.76287, 41.80006], [-87.76253, 41.80006], [-87.76223, 41.80005], [-87.76211, 41.80005], [-87.7619, 41.80006], [-87.76187, 41.80006], [-87.76149, 41.80006], [-87.7613, 41.80007], [-87.76091, 41.80007], [-87.76068, 41.80008], [-87.76061, 41.80008], [-87.76025, 41.80008], [-87.76007, 41.80008], [-87.75977, 41.80009], [-87.75956, 41.80009], [-87.75946, 41.80009], [-87.75941, 41.80009], [-87.75911, 41.8001], [-87.75885, 41.8001], [-87.75846, 41.8001], [-87.75824, 41.80011], [-87.75823, 41.80011], [-87.7579, 41.80011], [-87.75763, 41.80011], [-87.75728, 41.80012], [-87.75701, 41.80012], [-87.75701, 41.80012], [-87.7567, 41.80013], [-87.75639, 41.80013], [-87.75601, 41.80014], [-87.75583, 41.80014], [-87.75579, 41.80014], [-87.75547, 41.80015], [-87.75518, 41.80015], [-87.75483, 41.80016], [-87.75461, 41.80016], [-87.75457, 41.80016], [-87.7543, 41.80016], [-87.75396, 41.80017], [-87.75349, 41.80017], [-87.75335, 41.80018], [-87.75326, 41.80018], [-87.75294, 41.80018], [-87.75285, 41.80018], [-87.75274, 41.80019], [-87.75274, 41.80031], [-87.75274, 41.80044], [-87.75274, 41.80057], [-87.75275, 41.80064], [-87.75275, 41.80075], [-87.75275, 41.80093], [-87.75276, 41.8011], [-87.75276, 41.80129], [-87.75277, 41.80146], [-87.75277, 41.80162], [-87.75278, 41.80174], [-87.75278, 41.80193], [-87.75279, 41.80202], [-87.75279, 41.80212], [-87.75279, 41.80234], [-87.7528, 41.80249], [-87.7528, 41.80263], [-87.75281, 41.80284], [-87.75281, 41.80295], [-87.75282, 41.80313], [-87.75282, 41.80329], [-87.75283, 41.80346], [-87.75283, 41.80358], [-87.75283, 41.80373], [-87.75284, 41.80384], [-87.75284, 41.80396], [-87.75284, 41.80413], [-87.75285, 41.80426], [-87.75285, 41.80445], [-87.75285, 41.80457], [-87.75286, 41.8047], [-87.75286, 41.80483], [-87.75287, 41.80495], [-87.75287, 41.8051], [-87.75288, 41.80524], [-87.75288, 41.80543], [-87.75288, 41.80555], [-87.75289, 41.80567], [-87.75289, 41.80585], [-87.75293, 41.80749], [-87.75298, 41.80932], [-87.75302, 41.81115], [-87.75307, 41.81297], [-87.75308, 41.81331], [-87.75201, 41.81365], [-87.75177, 41.81372], [-87.75055, 41.8141], [-87.74934, 41.81449], [-87.74836, 41.81479], [-87.74825, 41.81483], [-87.74814, 41.81486], [-87.74582, 41.81559], [-87.74473, 41.81594], [-87.74465, 41.81596], [-87.74466, 41.81626], [-87.74467, 41.81692], [-87.74468, 41.8174], [-87.74469, 41.81757], [-87.74469, 41.81776], [-87.74469, 41.81781], [-87.74471, 41.81874], [-87.74472, 41.81947], [-87.74473, 41.82], [-87.74473, 41.82002], [-87.74474, 41.82008], [-87.74474, 41.82016], [-87.74474, 41.82028], [-87.74474, 41.8204], [-87.74474, 41.82045], [-87.74474, 41.82047], [-87.74474, 41.82056], [-87.74474, 41.82058], [-87.74476, 41.82185], [-87.74476, 41.82189], [-87.74476, 41.82203], [-87.74371, 41.82205], [-87.7433, 41.82205], [-87.74141, 41.82208], [-87.74121, 41.82208], [-87.7411, 41.82208], [-87.739, 41.82211], [-87.73886, 41.82211], [-87.73874, 41.82212], [-87.73849, 41.82212], [-87.73849, 41.82225], [-87.73858, 41.82676], [-87.73859, 41.82688], [-87.73859, 41.82704], [-87.73864, 41.82943], [-87.73867, 41.83085], [-87.73868, 41.83118], [-87.73872, 41.83278], [-87.73872, 41.83306], [-87.73876, 41.83465], [-87.7388, 41.83632], [-87.73881, 41.83673], [-87.73893, 41.83672], [-87.73893, 41.83673], [-87.73899, 41.83855], [-87.73911, 41.83855], [-87.73916, 41.84038], [-87.73927, 41.84395], [-87.73927, 41.84404], [-87.73928, 41.84414], [-87.73931, 41.84507], [-87.73932, 41.84535], [-87.73932, 41.84559], [-87.73933, 41.84581], [-87.73934, 41.84605], [-87.73945, 41.8496], [-87.73947, 41.8496], [-87.7395, 41.85114], [-87.7395, 41.85135], [-87.73951, 41.85155], [-87.73952, 41.85187], [-87.73953, 41.85192], [-87.73954, 41.85223], [-87.73954, 41.85241], [-87.73955, 41.85272], [-87.73956, 41.85276], [-87.73957, 41.85308], [-87.73957, 41.85326], [-87.73959, 41.85361], [-87.73959, 41.85365], [-87.7396, 41.854], [-87.73961, 41.85418], [-87.73962, 41.85452], [-87.73962, 41.85457], [-87.73963, 41.85491], [-87.73964, 41.855], [-87.73964, 41.85509], [-87.7397, 41.85674], [-87.73971, 41.85692], [-87.73975, 41.85818], [-87.73976, 41.85822], [-87.73977, 41.85856], [-87.73977, 41.85865], [-87.73977, 41.85874], [-87.73978, 41.85909], [-87.73978, 41.85911], [-87.73979, 41.85913], [-87.73979, 41.85948], [-87.7398, 41.85966], [-87.73981, 41.86], [-87.73981, 41.86004], [-87.73982, 41.86039], [-87.73982, 41.86048], [-87.73983, 41.86053], [-87.73987, 41.86222], [-87.73988, 41.86231], [-87.73988, 41.8624], [-87.73989, 41.86274], [-87.73989, 41.86278], [-87.7399, 41.86313], [-87.73991, 41.86331], [-87.73991, 41.86366], [-87.73992, 41.8637], [-87.73993, 41.86404], [-87.73993, 41.86413], [-87.73993, 41.86423], [-87.73994, 41.86457], [-87.73994, 41.86461], [-87.73995, 41.86495], [-87.73996, 41.86513], [-87.73997, 41.86545], [-87.73997, 41.86549], [-87.73998, 41.86582], [-87.73998, 41.86596], [-87.73999, 41.86596], [-87.74007, 41.86596], [-87.74017, 41.86596], [-87.74039, 41.86595], [-87.74213, 41.86593], [-87.74231, 41.86593], [-87.74264, 41.86592], [-87.74317, 41.86591], [-87.74475, 41.8659], [-87.74508, 41.86589], [-87.74573, 41.86588], [-87.74598, 41.86588], [-87.74633, 41.86587], [-87.74694, 41.86587], [-87.7472, 41.86586], [-87.74751, 41.86586], [-87.74818, 41.86585], [-87.74842, 41.86584], [-87.74864, 41.86584], [-87.7493, 41.86583], [-87.74964, 41.86582], [-87.74997, 41.86582], [-87.75062, 41.86581], [-87.75086, 41.86581], [-87.75109, 41.8658], [-87.75172, 41.86579], [-87.75208, 41.86579], [-87.75232, 41.86578], [-87.75235, 41.86578], [-87.75246, 41.86578], [-87.75305, 41.86577], [-87.75331, 41.86577], [-87.75366, 41.86576], [-87.75407, 41.86576], [-87.75432, 41.86575], [-87.75453, 41.86575], [-87.75474, 41.86575], [-87.75502, 41.86574], [-87.75573, 41.86573], [-87.75734, 41.86571], [-87.75744, 41.86571], [-87.75898, 41.86568], [-87.75941, 41.86568], [-87.75975, 41.86567], [-87.76037, 41.86566], [-87.76153, 41.86565], [-87.76166, 41.86564], [-87.76178, 41.86564], [-87.76258, 41.86563], [-87.76399, 41.86561], [-87.76431, 41.8656], [-87.76457, 41.86559], [-87.7653, 41.86558], [-87.76553, 41.86558], [-87.76586, 41.86557], [-87.76658, 41.86557], [-87.76676, 41.86556], [-87.76778, 41.86555], [-87.76799, 41.86555], [-87.76831, 41.86554], [-87.76899, 41.86553], [-87.76921, 41.86553], [-87.76949, 41.86552], [-87.7702, 41.86552], [-87.77044, 41.86551], [-87.7707, 41.86551], [-87.77071, 41.86551], [-87.77146, 41.8655], [-87.77167, 41.86549], [-87.77195, 41.86549], [-87.7726, 41.86548], [-87.7729, 41.86548], [-87.77314, 41.86548], [-87.77386, 41.86546], [-87.77414, 41.86546], [-87.77414, 41.86571], [-87.77415, 41.86592], [-87.77415, 41.86602], [-87.77416, 41.86642], [-87.77417, 41.86673], [-87.77419, 41.86708], [-87.7742, 41.86729], [-87.7742, 41.86749], [-87.77422, 41.86786], [-87.77422, 41.86804], [-87.77423, 41.86821], [-87.77424, 41.86841], [-87.77424, 41.86859], [-87.77425, 41.86878], [-87.77426, 41.8689], [-87.77426, 41.86911], [-87.77427, 41.86925], [-87.77427, 41.86943], [-87.77428, 41.86961], [-87.77428, 41.86984], [-87.77429, 41.87002], [-87.77428, 41.87021], [-87.77428, 41.87041], [-87.77428, 41.87051], [-87.77428, 41.87057], [-87.77428, 41.87061], [-87.77428, 41.87073], [-87.7743, 41.87092], [-87.77432, 41.87109], [-87.77433, 41.87124], [-87.77434, 41.87136], [-87.77435, 41.87141], [-87.77435, 41.87163], [-87.77436, 41.87187], [-87.77437, 41.87213], [-87.77439, 41.87231], [-87.77439, 41.87235], [-87.7744, 41.87257], [-87.77441, 41.87277], [-87.77442, 41.873], [-87.77442, 41.87327], [-87.77443, 41.87356], [-87.77444, 41.87378], [-87.77444, 41.87386], [-87.77445, 41.87405], [-87.77445, 41.87422], [-87.77446, 41.87449], [-87.77447, 41.87469], [-87.77448, 41.8749], [-87.77448, 41.87505], [-87.77449, 41.87529], [-87.7745, 41.87559], [-87.7745, 41.87569], [-87.7745, 41.87579], [-87.77451, 41.87606], [-87.77452, 41.87624], [-87.77453, 41.87641], [-87.77453, 41.8766], [-87.77454, 41.87684], [-87.77454, 41.87697], [-87.77456, 41.87729], [-87.77456, 41.87741], [-87.77457, 41.87761], [-87.77457, 41.87782], [-87.77458, 41.87805], [-87.77459, 41.87833], [-87.7746, 41.87859], [-87.77461, 41.87886], [-87.77462, 41.87896], [-87.77462, 41.87911], [-87.77463, 41.87941], [-87.77463, 41.87943], [-87.77464, 41.8796], [-87.77464, 41.87976], [-87.77466, 41.88009], [-87.77467, 41.88036], [-87.77467, 41.88058], [-87.77467, 41.88064], [-87.77468, 41.88089], [-87.77469, 41.88119], [-87.7747, 41.88145], [-87.77471, 41.88156], [-87.77471, 41.88163], [-87.77471, 41.88176], [-87.77472, 41.8821], [-87.77478, 41.88405], [-87.77483, 41.88557], [-87.77488, 41.8871], [-87.77489, 41.88735], [-87.77489, 41.88741], [-87.77491, 41.88802], [-87.77494, 41.88895], [-87.77497, 41.89002], [-87.77498, 41.89025], [-87.77501, 41.891], [-87.77504, 41.89188], [-87.77507, 41.89281], [-87.7751, 41.8938], [-87.77513, 41.89471], [-87.77516, 41.89549], [-87.77516, 41.89562], [-87.77516, 41.89576], [-87.77517, 41.89603], [-87.77518, 41.89608], [-87.77519, 41.89638], [-87.77519, 41.89653], [-87.7752, 41.89686], [-87.77521, 41.89699], [-87.77522, 41.89722], [-87.77522, 41.89745], [-87.77524, 41.89777], [-87.77524, 41.8979], [-87.77525, 41.89816], [-87.77525, 41.89836], [-87.77525, 41.89857], [-87.77526, 41.89881], [-87.77526, 41.89889], [-87.77528, 41.89939], [-87.77529, 41.89981], [-87.7753, 41.90003], [-87.7753, 41.90017], [-87.77531, 41.90042], [-87.77532, 41.90076], [-87.77533, 41.90113], [-87.77534, 41.90147], [-87.77536, 41.90183], [-87.77536, 41.902], [-87.77537, 41.90224], [-87.77537, 41.90235], [-87.77542, 41.90381], [-87.77548, 41.90563], [-87.77554, 41.90744], [-87.77559, 41.90888], [-87.7756, 41.90921], [-87.7756, 41.90925], [-87.77644, 41.90924], [-87.77666, 41.90924], [-87.77669, 41.90924], [-87.77691, 41.90924], [-87.77729, 41.90923], [-87.77765, 41.90923], [-87.77798, 41.90922], [-87.77801, 41.90922], [-87.77821, 41.90922], [-87.77844, 41.90922], [-87.77887, 41.90921], [-87.77908, 41.90921], [-87.77934, 41.90921], [-87.77952, 41.9092], [-87.77979, 41.9092], [-87.77993, 41.9092], [-87.78011, 41.9092], [-87.78042, 41.90919], [-87.78057, 41.90919], [-87.78082, 41.90919], [-87.78114, 41.90918], [-87.78129, 41.90918], [-87.78171, 41.90918], [-87.78194, 41.90917], [-87.78212, 41.90918], [-87.78242, 41.90918], [-87.78265, 41.90918], [-87.78287, 41.90917], [-87.78305, 41.90917], [-87.78336, 41.90917], [-87.78363, 41.90917], [-87.78387, 41.90916], [-87.78414, 41.90916], [-87.78429, 41.90916], [-87.78453, 41.90915], [-87.78477, 41.90915], [-87.785, 41.90915], [-87.78531, 41.90914], [-87.78543, 41.90914], [-87.78566, 41.90914], [-87.78605, 41.90913], [-87.78632, 41.90913], [-87.78661, 41.90913], [-87.78663, 41.90913], [-87.78697, 41.90912], [-87.78707, 41.90912], [-87.78735, 41.90912], [-87.78764, 41.90911], [-87.78798, 41.90911], [-87.78826, 41.90911], [-87.78853, 41.9091], [-87.7887, 41.9091], [-87.78874, 41.9091], [-87.7899, 41.90909], [-87.79021, 41.90909], [-87.79112, 41.90908], [-87.79142, 41.90907], [-87.79234, 41.90906], [-87.79263, 41.90906], [-87.79357, 41.90904], [-87.79384, 41.90904], [-87.7948, 41.90903], [-87.79505, 41.90902], [-87.79599, 41.90901], [-87.79655, 41.909], [-87.7972, 41.90899], [-87.79745, 41.90899], [-87.79756, 41.90899], [-87.7977, 41.90899], [-87.79781, 41.90899], [-87.79788, 41.90899], [-87.798, 41.90898], [-87.79814, 41.90898], [-87.79825, 41.90898], [-87.79845, 41.90898], [-87.79866, 41.90897], [-87.79876, 41.90897], [-87.79888, 41.90897], [-87.79908, 41.90897], [-87.7992, 41.90897], [-87.79931, 41.90897], [-87.7996, 41.90896], [-87.79974, 41.90896], [-87.79985, 41.90896], [-87.79998, 41.90896], [-87.80011, 41.90895], [-87.80028, 41.90895], [-87.80046, 41.90895], [-87.80058, 41.90895], [-87.80071, 41.90895], [-87.80086, 41.90895], [-87.80118, 41.90894], [-87.80132, 41.90894], [-87.80152, 41.90894], [-87.80174, 41.90894], [-87.80185, 41.90894], [-87.80211, 41.90893], [-87.80228, 41.90893], [-87.8024, 41.90893], [-87.80254, 41.90893], [-87.80257, 41.90893], [-87.80394, 41.90889], [-87.80575, 41.90884], [-87.80577, 41.90933], [-87.80577, 41.90935], [-87.80577, 41.90942], [-87.80577, 41.90959], [-87.80577, 41.90966], [-87.80578, 41.90977], [-87.80579, 41.90991], [-87.80579, 41.91], [-87.8058, 41.91015], [-87.8058, 41.91023], [-87.80581, 41.91034], [-87.80581, 41.91039], [-87.80582, 41.91055], [-87.80583, 41.91071], [-87.80584, 41.91116], [-87.80585, 41.91126], [-87.80585, 41.91138], [-87.80586, 41.91156], [-87.80586, 41.91168], [-87.80587, 41.91187], [-87.80587, 41.91201], [-87.80588, 41.9122], [-87.80589, 41.91237], [-87.80589, 41.91253], [-87.8059, 41.91275], [-87.8059, 41.91291], [-87.80591, 41.91311], [-87.80591, 41.91326], [-87.80592, 41.91344], [-87.80593, 41.9137], [-87.80593, 41.91387], [-87.80594, 41.91406], [-87.80594, 41.91421], [-87.80595, 41.91436], [-87.80595, 41.91445], [-87.80596, 41.91456], [-87.80596, 41.91477], [-87.80597, 41.91492], [-87.80597, 41.91509], [-87.80598, 41.91537], [-87.80599, 41.91553], [-87.80599, 41.91574], [-87.80599, 41.91576], [-87.806, 41.91591], [-87.80601, 41.91619], [-87.80601, 41.91622], [-87.80601, 41.91632], [-87.80601, 41.91644], [-87.80602, 41.91661], [-87.80602, 41.91665], [-87.80603, 41.91687], [-87.80603, 41.91703], [-87.80604, 41.91721], [-87.80605, 41.9174], [-87.80605, 41.91759], [-87.80606, 41.91778], [-87.80606, 41.91787], [-87.80607, 41.91802], [-87.80607, 41.91818], [-87.80608, 41.91837], [-87.80608, 41.91858], [-87.80609, 41.91875], [-87.80609, 41.91891], [-87.8061, 41.91916], [-87.80611, 41.91937], [-87.80611, 41.91959], [-87.80612, 41.91973], [-87.80612, 41.91986], [-87.80613, 41.92007], [-87.80613, 41.92022], [-87.80614, 41.9204], [-87.80615, 41.92062], [-87.80615, 41.92075], [-87.80616, 41.9209], [-87.80616, 41.92107], [-87.80617, 41.92129], [-87.80617, 41.92144], [-87.80618, 41.92157], [-87.80618, 41.92173], [-87.80619, 41.92192], [-87.80619, 41.92204], [-87.8062, 41.92229], [-87.80621, 41.92242], [-87.80621, 41.92254], [-87.80622, 41.92274], [-87.80622, 41.92282], [-87.80623, 41.92308], [-87.80623, 41.92309], [-87.80623, 41.92331], [-87.80623, 41.92332], [-87.80623, 41.92337], [-87.80623, 41.92346], [-87.80624, 41.92356], [-87.80624, 41.92359], [-87.80625, 41.92376], [-87.80626, 41.92401], [-87.80626, 41.92418], [-87.80627, 41.92439], [-87.80627, 41.9245], [-87.80627, 41.92464], [-87.80628, 41.92479], [-87.80629, 41.92491], [-87.80629, 41.92503], [-87.8063, 41.92513], [-87.8063, 41.92532], [-87.80631, 41.92555], [-87.80632, 41.92564], [-87.80632, 41.92576], [-87.80632, 41.92593], [-87.80632, 41.92598], [-87.80633, 41.92623], [-87.80634, 41.92642], [-87.80634, 41.92653], [-87.80635, 41.92664], [-87.80635, 41.92675], [-87.80636, 41.92686], [-87.80636, 41.92696], [-87.80636, 41.92713], [-87.80637, 41.92731], [-87.80637, 41.92742], [-87.80638, 41.92753], [-87.80638, 41.92762], [-87.80639, 41.92775], [-87.80639, 41.92789], [-87.8064, 41.92824], [-87.80641, 41.92837], [-87.80641, 41.92849], [-87.80642, 41.9286], [-87.80642, 41.92869], [-87.80642, 41.92874], [-87.80643, 41.92894], [-87.80644, 41.92914], [-87.80644, 41.92919], [-87.80644, 41.92934], [-87.80645, 41.92952], [-87.80645, 41.92962], [-87.80646, 41.92973], [-87.80646, 41.92984], [-87.80646, 41.92994], [-87.80646, 41.92995], [-87.80647, 41.93003], [-87.80647, 41.9302], [-87.80648, 41.93031], [-87.80648, 41.93036], [-87.80648, 41.93041], [-87.80649, 41.93082], [-87.8065, 41.931], [-87.80651, 41.93121], [-87.80653, 41.9317], [-87.80656, 41.93256], [-87.80656, 41.9327], [-87.80657, 41.93286], [-87.80657, 41.93304], [-87.80659, 41.93344], [-87.80659, 41.93366], [-87.8066, 41.93394], [-87.80661, 41.93427], [-87.80662, 41.93438], [-87.80662, 41.93451], [-87.80686, 41.93451], [-87.80714, 41.93451], [-87.80723, 41.93451], [-87.80785, 41.93449], [-87.80821, 41.93449], [-87.80845, 41.93448], [-87.80854, 41.93448], [-87.80907, 41.93447], [-87.80941, 41.93446], [-87.80968, 41.93445], [-87.80976, 41.93445], [-87.81029, 41.93444], [-87.81066, 41.93443], [-87.8109, 41.93443], [-87.81101, 41.93443], [-87.81151, 41.93442], [-87.81201, 41.93441], [-87.81213, 41.9344], [-87.81227, 41.9344], [-87.81273, 41.93439], [-87.81323, 41.93438], [-87.81334, 41.93438], [-87.81364, 41.93437], [-87.81395, 41.93436], [-87.8144, 41.93436], [-87.81456, 41.93435], [-87.81517, 41.93434], [-87.81542, 41.93433], [-87.81561, 41.93433], [-87.81576, 41.93433], [-87.81577, 41.93433], [-87.8159, 41.93432], [-87.81605, 41.93432], [-87.81605, 41.93432], [-87.81639, 41.93431], [-87.8164, 41.93454], [-87.8164, 41.93463], [-87.81641, 41.93494], [-87.81642, 41.93508], [-87.81642, 41.9353], [-87.81643, 41.93546], [-87.81643, 41.93556], [-87.81644, 41.93573], [-87.81644, 41.93587], [-87.81645, 41.93614], [-87.81646, 41.93645], [-87.81647, 41.93665], [-87.81648, 41.93682], [-87.81648, 41.93684], [-87.8165, 41.93751], [-87.8165, 41.93761], [-87.81651, 41.93775], [-87.81652, 41.93794], [-87.81664, 41.93793], [-87.81693, 41.93793], [-87.81711, 41.93793], [-87.81729, 41.93792], [-87.81753, 41.93792], [-87.81774, 41.93791], [-87.8179, 41.93791], [-87.81809, 41.93791], [-87.81822, 41.9379], [-87.81839, 41.9379], [-87.8185, 41.9379], [-87.81878, 41.93789], [-87.81896, 41.93789], [-87.81917, 41.93789], [-87.8193, 41.93788], [-87.81947, 41.93788], [-87.8196, 41.93788], [-87.81976, 41.93788], [-87.82002, 41.93787], [-87.82019, 41.93787], [-87.82038, 41.93786], [-87.82055, 41.93786], [-87.8207, 41.93785], [-87.82078, 41.93785], [-87.82099, 41.93785], [-87.82119, 41.93784], [-87.82141, 41.93784], [-87.82159, 41.93784], [-87.82171, 41.93783], [-87.82188, 41.93783], [-87.82206, 41.93783], [-87.82237, 41.93782], [-87.82263, 41.93782], [-87.82284, 41.93781], [-87.82299, 41.93781], [-87.82311, 41.93781], [-87.82334, 41.9378], [-87.82363, 41.9378], [-87.82385, 41.93779], [-87.82403, 41.93779], [-87.82413, 41.93779], [-87.82437, 41.93778], [-87.82456, 41.93778], [-87.82469, 41.93777], [-87.82488, 41.93777], [-87.82507, 41.93777], [-87.82521, 41.93776], [-87.82523, 41.93776], [-87.82537, 41.93776], [-87.82558, 41.93776], [-87.82572, 41.93775], [-87.82594, 41.93775], [-87.82632, 41.93775], [-87.82657, 41.93775], [-87.82673, 41.93775], [-87.82688, 41.93774], [-87.82706, 41.93774], [-87.82728, 41.93773], [-87.82753, 41.93773], [-87.82773, 41.93773], [-87.82791, 41.93772], [-87.82811, 41.93772], [-87.82819, 41.93772], [-87.82857, 41.93771], [-87.82876, 41.9377], [-87.82888, 41.9377], [-87.82904, 41.9377], [-87.82921, 41.9377], [-87.8294, 41.93769], [-87.82964, 41.93769], [-87.83001, 41.93768], [-87.83022, 41.93768], [-87.83036, 41.93767], [-87.83054, 41.93767], [-87.83069, 41.93767], [-87.8308, 41.93766], [-87.83104, 41.93766], [-87.83124, 41.93766], [-87.83142, 41.93765], [-87.83159, 41.93765], [-87.83173, 41.93765], [-87.83191, 41.93764], [-87.83214, 41.93764], [-87.83231, 41.93763], [-87.83244, 41.93763], [-87.83257, 41.93763], [-87.83272, 41.93763], [-87.83283, 41.93762], [-87.83285, 41.93762], [-87.83293, 41.93762], [-87.83321, 41.93762], [-87.83345, 41.9376], [-87.83363, 41.93759], [-87.83387, 41.93759], [-87.83414, 41.93758], [-87.83432, 41.93758], [-87.8344, 41.93758], [-87.83462, 41.93757], [-87.83481, 41.93758], [-87.83542, 41.93757], [-87.83582, 41.93756], [-87.83606, 41.93756], [-87.83641, 41.93755], [-87.83666, 41.93755], [-87.83689, 41.93754], [-87.8372, 41.93754], [-87.83746, 41.93753], [-87.83779, 41.93753], [-87.83814, 41.93752], [-87.83853, 41.93751], [-87.83891, 41.9375], [-87.83933, 41.93749], [-87.83968, 41.93749], [-87.84006, 41.93748], [-87.84037, 41.93747], [-87.84072, 41.93747], [-87.84108, 41.93746], [-87.84144, 41.93745], [-87.84182, 41.93744], [-87.84218, 41.93744], [-87.84261, 41.93743], [-87.84298, 41.93742], [-87.84339, 41.93741], [-87.84359, 41.93741], [-87.84367, 41.93741], [-87.84385, 41.9374], [-87.84411, 41.9374], [-87.84445, 41.9374], [-87.84491, 41.93738], [-87.84516, 41.93738], [-87.84534, 41.93737], [-87.84558, 41.93737], [-87.84576, 41.93737], [-87.84598, 41.93736], [-87.84617, 41.93736], [-87.84646, 41.93735], [-87.84662, 41.93735], [-87.84695, 41.93734], [-87.84855, 41.93731], [-87.84962, 41.93729], [-87.84978, 41.93743], [-87.85019, 41.93775], [-87.85066, 41.93808], [-87.851, 41.93835], [-87.85141, 41.9387], [-87.85164, 41.93895], [-87.85181, 41.93917], [-87.85211, 41.93979], [-87.85227, 41.94041], [-87.85253, 41.94126], [-87.85274, 41.94182], [-87.85295, 41.94227], [-87.85304, 41.94248], [-87.85308, 41.9426], [-87.85309, 41.94271], [-87.8531, 41.9428], [-87.8531, 41.94288], [-87.85308, 41.94293], [-87.85305, 41.943], [-87.85302, 41.94311], [-87.85303, 41.94315], [-87.85301, 41.94322], [-87.85301, 41.94335], [-87.85305, 41.94344], [-87.85315, 41.94358], [-87.85322, 41.94369], [-87.85326, 41.94376], [-87.85329, 41.94387], [-87.85342, 41.94436], [-87.85358, 41.94504], [-87.85382, 41.94584], [-87.85397, 41.94625], [-87.85408, 41.94656], [-87.85464, 41.94744], [-87.85487, 41.9478], [-87.85498, 41.94803], [-87.855, 41.9482], [-87.85502, 41.94846], [-87.85502, 41.94863], [-87.85501, 41.94894], [-87.85494, 41.94948], [-87.85475, 41.9499], [-87.85466, 41.95009], [-87.85453, 41.9503], [-87.85443, 41.9505], [-87.85433, 41.95073], [-87.85425, 41.95092], [-87.8542, 41.95108], [-87.85411, 41.95131], [-87.85407, 41.95145], [-87.84661, 41.95164], [-87.84662, 41.95179], [-87.84662, 41.95253], [-87.8466, 41.95569], [-87.85808, 41.95544], [-87.85825, 41.95558], [-87.85835, 41.95571], [-87.85845, 41.95586], [-87.85852, 41.95601], [-87.85859, 41.95614], [-87.85861, 41.95622], [-87.85864, 41.95639], [-87.85868, 41.95651], [-87.85871, 41.9566], [-87.85874, 41.95676], [-87.85878, 41.95693], [-87.85879, 41.95708], [-87.85878, 41.95724], [-87.85876, 41.95742], [-87.85872, 41.95754], [-87.85868, 41.95761], [-87.85842, 41.95793], [-87.85813, 41.95834], [-87.85793, 41.95866], [-87.85774, 41.95896], [-87.85758, 41.95919], [-87.85742, 41.95956], [-87.85725, 41.95984], [-87.85703, 41.9602], [-87.85684, 41.96055], [-87.85665, 41.9609], [-87.85647, 41.96123], [-87.8563, 41.96159], [-87.85582, 41.96241], [-87.85569, 41.96281], [-87.85568, 41.96284], [-87.85562, 41.96329], [-87.85559, 41.96366], [-87.85551, 41.96446], [-87.85544, 41.96471], [-87.8553, 41.96512], [-87.85497, 41.96595], [-87.85492, 41.96614], [-87.85487, 41.96636], [-87.85477, 41.96691], [-87.85478, 41.9672], [-87.85486, 41.96752], [-87.85498, 41.96793], [-87.85504, 41.96833], [-87.85503, 41.96871], [-87.85489, 41.96911], [-87.85478, 41.96943], [-87.85464, 41.96967], [-87.85432, 41.9703], [-87.85424, 41.97056], [-87.85417, 41.97078], [-87.85414, 41.971], [-87.85413, 41.97117], [-87.85416, 41.97131], [-87.85419, 41.97143], [-87.85427, 41.97162], [-87.85447, 41.9719], [-87.8546, 41.97204], [-87.85498, 41.97234], [-87.85516, 41.97246], [-87.85536, 41.97252], [-87.8556, 41.97255], [-87.85584, 41.97259], [-87.85606, 41.97258], [-87.85621, 41.97255], [-87.85659, 41.97246], [-87.85667, 41.97243], [-87.85704, 41.97231], [-87.85746, 41.97215], [-87.85783, 41.97197], [-87.85839, 41.97161], [-87.85854, 41.97153], [-87.85868, 41.97147], [-87.8588, 41.97143], [-87.85892, 41.97142], [-87.85903, 41.97143], [-87.85921, 41.97146], [-87.85941, 41.9715], [-87.8596, 41.97155], [-87.85975, 41.9716], [-87.85991, 41.97167], [-87.86011, 41.97176], [-87.86043, 41.97193], [-87.86085, 41.97222], [-87.86111, 41.97242], [-87.86134, 41.97261], [-87.86145, 41.97272], [-87.8617, 41.97299], [-87.8618, 41.97313], [-87.86189, 41.97328], [-87.8619, 41.97332], [-87.86228, 41.97331], [-87.86316, 41.97329], [-87.86407, 41.97327], [-87.86427, 41.97326], [-87.86485, 41.97324], [-87.86543, 41.97323], [-87.86606, 41.97322], [-87.86646, 41.97321], [-87.86681, 41.9732], [-87.86701, 41.9732], [-87.86713, 41.97319], [-87.86734, 41.97319], [-87.8677, 41.97318], [-87.86796, 41.97317], [-87.86808, 41.97317], [-87.86848, 41.97316], [-87.86859, 41.97316], [-87.86867, 41.97317], [-87.86876, 41.97317], [-87.86883, 41.97317], [-87.86989, 41.97312], [-87.87061, 41.97311], [-87.87089, 41.9731], [-87.87101, 41.9731], [-87.87139, 41.97309], [-87.87171, 41.97308], [-87.87208, 41.97307], [-87.87244, 41.97306], [-87.87269, 41.97306], [-87.87285, 41.97305], [-87.87305, 41.97305], [-87.8759, 41.97298], [-87.87732, 41.97294], [-87.87807, 41.97292], [-87.88077, 41.97285], [-87.88078, 41.97102], [-87.88079, 41.96918], [-87.8808, 41.96832], [-87.88083, 41.96559], [-87.88084, 41.9655], [-87.88083, 41.96541], [-87.88081, 41.96106], [-87.88081, 41.961], [-87.88081, 41.96097], [-87.8808, 41.95999], [-87.8808, 41.95907], [-87.8808, 41.95903], [-87.88079, 41.95824], [-87.88079, 41.9572], [-87.88163, 41.95711], [-87.88383, 41.95736], [-87.88385, 41.9573], [-87.88404, 41.95733], [-87.88443, 41.95738], [-87.88458, 41.9574], [-87.88484, 41.95743], [-87.88494, 41.95745], [-87.88551, 41.95752], [-87.88563, 41.95754], [-87.88563, 41.95749], [-87.88681, 41.95764], [-87.88803, 41.9578], [-87.88869, 41.95789], [-87.88934, 41.95797], [-87.89027, 41.9581], [-87.89048, 41.95809], [-87.8929, 41.95805], [-87.8929, 41.95796], [-87.89289, 41.95442], [-87.89288, 41.95189], [-87.89288, 41.95079], [-87.89521, 41.95076], [-87.89532, 41.95075], [-87.897, 41.95073], [-87.8973, 41.95072], [-87.89999, 41.95068], [-87.90009, 41.95068], [-87.90098, 41.95066], [-87.90162, 41.95065], [-87.90185, 41.95065], [-87.90378, 41.95062], [-87.90456, 41.95078], [-87.90499, 41.95087], [-87.90647, 41.95117], [-87.9085, 41.95159], [-87.91009, 41.95192], [-87.9123, 41.95237], [-87.9123, 41.95237], [-87.91453, 41.95283], [-87.91475, 41.95288], [-87.91475, 41.95291], [-87.91477, 41.95434], [-87.9148, 41.95471], [-87.91484, 41.95509], [-87.91489, 41.95546], [-87.91496, 41.95583], [-87.91504, 41.95619], [-87.91514, 41.95656], [-87.91523, 41.95684], [-87.91543, 41.95695], [-87.91578, 41.95713], [-87.91585, 41.95716], [-87.91591, 41.9569], [-87.91616, 41.95583], [-87.91633, 41.95509], [-87.91596, 41.95509], [-87.91596, 41.95472], [-87.91595, 41.95312], [-87.91594, 41.95241], [-87.91594, 41.95227], [-87.9169, 41.95251], [-87.9202, 41.95334], [-87.92215, 41.95383], [-87.92215, 41.95378], [-87.92556, 41.95461], [-87.92634, 41.95465], [-87.92712, 41.95478], [-87.92792, 41.95492], [-87.92965, 41.95521], [-87.92989, 41.95525], [-87.93054, 41.95536], [-87.93193, 41.95559], [-87.93323, 41.95581], [-87.93326, 41.95581], [-87.9342, 41.95597], [-87.93613, 41.95628], [-87.93664, 41.95636], [-87.93723, 41.95645], [-87.93803, 41.95657], [-87.93815, 41.95659], [-87.93877, 41.95668], [-87.93947, 41.95679], [-87.93947, 41.95695], [-87.93947, 41.95726], [-87.93947, 41.95743], [-87.93947, 41.95753], [-87.93947, 41.95757], [-87.93947, 41.95783], [-87.93947, 41.95813], [-87.93947, 41.95826], [-87.93947, 41.95835], [-87.93947, 41.95839], [-87.93942, 41.95839], [-87.93912, 41.95839], [-87.9392, 41.95858], [-87.93924, 41.95872], [-87.93928, 41.95885], [-87.93931, 41.95899], [-87.93934, 41.95913], [-87.93936, 41.95927], [-87.93937, 41.95941], [-87.93938, 41.95953], [-87.93937, 41.95967], [-87.93937, 41.95982], [-87.93937, 41.95995], [-87.93937, 41.96009], [-87.93937, 41.96022], [-87.93937, 41.96038], [-87.93937, 41.96044], [-87.93936, 41.96079], [-87.93937, 41.96101], [-87.93936, 41.96428], [-87.93972, 41.96428], [-87.93971, 41.97864], [-87.93973, 41.97994], [-87.93973, 41.98021], [-87.93974, 41.9807], [-87.93974, 41.98105], [-87.93975, 41.98152], [-87.93975, 41.98189], [-87.93976, 41.98232], [-87.93976, 41.98277], [-87.93977, 41.98312], [-87.93978, 41.9834], [-87.93978, 41.98377], [-87.93978, 41.98413], [-87.93979, 41.98454], [-87.9398, 41.98514], [-87.9398, 41.9853], [-87.9398, 41.98536], [-87.9398, 41.98539], [-87.93981, 41.98565], [-87.93981, 41.98606], [-87.93982, 41.9862], [-87.93982, 41.98667], [-87.93983, 41.98702], [-87.93983, 41.98753], [-87.93983, 41.98761], [-87.93982, 41.9878], [-87.93983, 41.98805], [-87.93984, 41.98847], [-87.93984, 41.98881], [-87.93985, 41.98928], [-87.93985, 41.98971], [-87.93986, 41.99015], [-87.93988, 41.99049], [-87.93988, 41.99086], [-87.93989, 41.99114], [-87.93989, 41.99166], [-87.9399, 41.99196], [-87.9399, 41.99222], [-87.9399, 41.99235], [-87.93991, 41.99287], [-87.93992, 41.99328], [-87.93993, 41.99349], [-87.93916, 41.99353], [-87.9388, 41.99353], [-87.93878, 41.99364], [-87.93878, 41.99367], [-87.93872, 41.99394], [-87.93865, 41.99425], [-87.93857, 41.99456], [-87.93848, 41.99487], [-87.93839, 41.99518], [-87.93828, 41.99549], [-87.93817, 41.99579], [-87.93805, 41.9961], [-87.93792, 41.9964], [-87.93777, 41.99672], [-87.93762, 41.99703], [-87.93753, 41.9972], [-87.93745, 41.99734], [-87.93739, 41.99745], [-87.93727, 41.99765], [-87.93708, 41.99797], [-87.93688, 41.99828], [-87.93667, 41.99859], [-87.93653, 41.99879], [-87.93645, 41.99889], [-87.93636, 41.99902], [-87.93624, 41.99917], [-87.93612, 41.99933], [-87.93603, 41.99944], [-87.93591, 41.9996], [-87.93579, 41.99974], [-87.93565, 41.99989], [-87.93552, 42.00004], [-87.93541, 42.00017], [-87.93537, 42.0002], [-87.93519, 42.00038], [-87.93511, 42.00046], [-87.93466, 42.0009], [-87.9351, 42.00089], [-87.93514, 42.00089]], [[-87.83794, 41.97332], [-87.83794, 41.97318], [-87.83794, 41.97312], [-87.83794, 41.97304], [-87.83794, 41.9729], [-87.83794, 41.97276], [-87.83794, 41.97276], [-87.83794, 41.97263], [-87.83794, 41.97249], [-87.83794, 41.9724], [-87.83794, 41.97235], [-87.83794, 41.97221], [-87.83795, 41.97207], [-87.83795, 41.97193], [-87.83795, 41.97179], [-87.83795, 41.97166], [-87.83795, 41.97162], [-87.83795, 41.97152], [-87.83795, 41.97138], [-87.83795, 41.97135], [-87.83684, 41.97137], [-87.83665, 41.97137], [-87.83665, 41.97023], [-87.83674, 41.97023], [-87.83693, 41.97023], [-87.83708, 41.97022], [-87.83725, 41.97022], [-87.8373, 41.97022], [-87.83741, 41.97022], [-87.83756, 41.97022], [-87.83773, 41.97021], [-87.83789, 41.97021], [-87.83807, 41.97021], [-87.83814, 41.97021], [-87.83827, 41.9702], [-87.83844, 41.9702], [-87.83863, 41.9702], [-87.83874, 41.9702], [-87.83888, 41.97019], [-87.83897, 41.97019], [-87.83913, 41.97019], [-87.83927, 41.97018], [-87.83936, 41.97018], [-87.83958, 41.97018], [-87.83971, 41.97018], [-87.83974, 41.97018], [-87.83992, 41.97017], [-87.84018, 41.97017], [-87.84036, 41.97017], [-87.84053, 41.97017], [-87.84068, 41.97016], [-87.84082, 41.97016], [-87.84105, 41.97015], [-87.84123, 41.97015], [-87.84134, 41.97015], [-87.84158, 41.97014], [-87.84159, 41.97014], [-87.84159, 41.97023], [-87.84159, 41.97036], [-87.84159, 41.97049], [-87.84159, 41.97051], [-87.84159, 41.97061], [-87.84159, 41.97073], [-87.84159, 41.97073], [-87.84159, 41.97085], [-87.84158, 41.97095], [-87.84158, 41.97097], [-87.84158, 41.97109], [-87.84158, 41.97117], [-87.84158, 41.97121], [-87.84158, 41.97133], [-87.84158, 41.97144], [-87.84158, 41.97147], [-87.84158, 41.97161], [-87.84158, 41.97173], [-87.84158, 41.97186], [-87.84158, 41.97198], [-87.84174, 41.97197], [-87.8419, 41.97197], [-87.84203, 41.97197], [-87.84207, 41.97197], [-87.84223, 41.97196], [-87.8424, 41.97196], [-87.84256, 41.97196], [-87.84268, 41.97196], [-87.84273, 41.97195], [-87.84289, 41.97195], [-87.84305, 41.97195], [-87.84322, 41.97195], [-87.84332, 41.97194], [-87.84338, 41.97194], [-87.84355, 41.97194], [-87.84371, 41.97194], [-87.84388, 41.97193], [-87.84396, 41.97193], [-87.84404, 41.97193], [-87.84421, 41.97193], [-87.84434, 41.97193], [-87.84437, 41.97193], [-87.84454, 41.97192], [-87.84456, 41.97192], [-87.8447, 41.97192], [-87.84478, 41.97192], [-87.84486, 41.97192], [-87.845, 41.97191], [-87.84503, 41.97191], [-87.84519, 41.97191], [-87.84522, 41.97191], [-87.8454, 41.97191], [-87.84544, 41.97191], [-87.84566, 41.9719], [-87.84587, 41.9719], [-87.84589, 41.9719], [-87.84631, 41.97189], [-87.84638, 41.97189], [-87.84651, 41.97189], [-87.84653, 41.97189], [-87.84654, 41.97158], [-87.84654, 41.9709], [-87.84655, 41.97023], [-87.84656, 41.96955], [-87.84655, 41.96887], [-87.84654, 41.9682], [-87.84655, 41.96757], [-87.84656, 41.96695], [-87.84657, 41.96641], [-87.84649, 41.96641], [-87.84609, 41.96642], [-87.84582, 41.96643], [-87.84557, 41.96643], [-87.84526, 41.96644], [-87.84492, 41.96644], [-87.84458, 41.96645], [-87.84428, 41.96646], [-87.84405, 41.96646], [-87.84381, 41.96647], [-87.84366, 41.96647], [-87.84343, 41.96647], [-87.84336, 41.96647], [-87.84331, 41.96647], [-87.84314, 41.96648], [-87.84304, 41.96648], [-87.8428, 41.96648], [-87.84254, 41.96649], [-87.84245, 41.96649], [-87.8422, 41.96649], [-87.84197, 41.9665], [-87.84172, 41.9665], [-87.84162, 41.96651], [-87.84143, 41.96651], [-87.84132, 41.96651], [-87.84119, 41.96651], [-87.84099, 41.96652], [-87.84069, 41.96653], [-87.84052, 41.96653], [-87.8404, 41.96653], [-87.84013, 41.96654], [-87.84007, 41.96654], [-87.83979, 41.96654], [-87.83954, 41.96654], [-87.83947, 41.96654], [-87.83916, 41.96655], [-87.83888, 41.96656], [-87.83869, 41.96656], [-87.83851, 41.96656], [-87.83826, 41.96657], [-87.83793, 41.96657], [-87.8376, 41.96658], [-87.83741, 41.96658], [-87.83718, 41.96659], [-87.83678, 41.9666], [-87.83668, 41.9666], [-87.83669, 41.96517], [-87.83669, 41.96489], [-87.83669, 41.9632], [-87.83669, 41.9632], [-87.83669, 41.96313], [-87.83669, 41.96305], [-87.83669, 41.96296], [-87.83669, 41.9628], [-87.83669, 41.96266], [-87.83669, 41.96254], [-87.83669, 41.96235], [-87.83669, 41.96226], [-87.83669, 41.96216], [-87.83669, 41.96203], [-87.83669, 41.96188], [-87.83669, 41.96181], [-87.83669, 41.9616], [-87.83669, 41.96151], [-87.8367, 41.96136], [-87.8367, 41.96131], [-87.8367, 41.96122], [-87.8367, 41.96114], [-87.8367, 41.96106], [-87.8367, 41.961], [-87.8367, 41.96091], [-87.8367, 41.96075], [-87.8367, 41.96062], [-87.8367, 41.96049], [-87.8367, 41.96039], [-87.8367, 41.96037], [-87.8367, 41.96026], [-87.8367, 41.96019], [-87.8367, 41.96009], [-87.8367, 41.96002], [-87.8367, 41.95998], [-87.8367, 41.95988], [-87.8367, 41.95976], [-87.8367, 41.95936], [-87.83652, 41.95936], [-87.83642, 41.95937], [-87.83598, 41.95937], [-87.83578, 41.95938], [-87.83556, 41.95938], [-87.83541, 41.95938], [-87.83511, 41.95939], [-87.83488, 41.95939], [-87.83478, 41.9594], [-87.8346, 41.9594], [-87.83447, 41.9594], [-87.83437, 41.9594], [-87.83423, 41.9594], [-87.83385, 41.95941], [-87.83297, 41.95943], [-87.83268, 41.95944], [-87.83264, 41.95927], [-87.83262, 41.95917], [-87.8326, 41.95908], [-87.83258, 41.95897], [-87.83257, 41.95894], [-87.83257, 41.95894], [-87.83256, 41.95889], [-87.83253, 41.9588], [-87.83251, 41.95869], [-87.83249, 41.95861], [-87.83246, 41.9585], [-87.83243, 41.95838], [-87.83241, 41.95828], [-87.83238, 41.95816], [-87.83234, 41.95802], [-87.8323, 41.95787], [-87.83228, 41.95778], [-87.83225, 41.95766], [-87.83224, 41.95763], [-87.83222, 41.95754], [-87.83221, 41.9575], [-87.8322, 41.95747], [-87.83219, 41.95742], [-87.83217, 41.95736], [-87.83215, 41.95729], [-87.83213, 41.95722], [-87.83212, 41.95716], [-87.83209, 41.95707], [-87.83208, 41.95702], [-87.83207, 41.95698], [-87.83206, 41.95692], [-87.83206, 41.9569], [-87.83204, 41.95682], [-87.83203, 41.95676], [-87.83202, 41.95672], [-87.83201, 41.95667], [-87.832, 41.95661], [-87.83199, 41.95656], [-87.83197, 41.95645], [-87.83197, 41.95638], [-87.83194, 41.95626], [-87.83194, 41.95624], [-87.83192, 41.95615], [-87.8319, 41.95606], [-87.83189, 41.956], [-87.83188, 41.95595], [-87.83187, 41.95592], [-87.83187, 41.95589], [-87.83186, 41.95585], [-87.83184, 41.9558], [-87.83183, 41.95574], [-87.83182, 41.9557], [-87.83182, 41.95567], [-87.83182, 41.95563], [-87.83182, 41.95556], [-87.83182, 41.95547], [-87.83182, 41.9554], [-87.83183, 41.95533], [-87.83183, 41.95526], [-87.83183, 41.95517], [-87.83183, 41.95507], [-87.83183, 41.95495], [-87.83183, 41.95486], [-87.83183, 41.95474], [-87.83182, 41.95464], [-87.83182, 41.95455], [-87.83182, 41.95443], [-87.83182, 41.95435], [-87.83182, 41.95422], [-87.83182, 41.9541], [-87.83183, 41.95404], [-87.83182, 41.95398], [-87.83182, 41.95378], [-87.83181, 41.95348], [-87.83181, 41.95332], [-87.83181, 41.95319], [-87.8318, 41.95301], [-87.8318, 41.95284], [-87.8318, 41.95269], [-87.8318, 41.95267], [-87.8318, 41.95252], [-87.83179, 41.95237], [-87.83179, 41.95231], [-87.83179, 41.95216], [-87.83158, 41.95217], [-87.83141, 41.95217], [-87.83122, 41.95218], [-87.83104, 41.95218], [-87.83081, 41.95219], [-87.83057, 41.95219], [-87.83035, 41.9522], [-87.83006, 41.95221], [-87.82983, 41.95221], [-87.82963, 41.95222], [-87.82935, 41.95223], [-87.82917, 41.95223], [-87.82894, 41.95224], [-87.8287, 41.95224], [-87.82847, 41.95225], [-87.82831, 41.95225], [-87.82812, 41.95226], [-87.8279, 41.95226], [-87.82773, 41.95227], [-87.82739, 41.95228], [-87.82723, 41.95228], [-87.82699, 41.95229], [-87.82669, 41.95229], [-87.8264, 41.9523], [-87.82608, 41.95231], [-87.82572, 41.95232], [-87.82545, 41.95232], [-87.82512, 41.95233], [-87.82509, 41.95233], [-87.82472, 41.95234], [-87.82443, 41.95235], [-87.82443, 41.95235], [-87.8241, 41.95236], [-87.8237, 41.95237], [-87.8233, 41.95238], [-87.82298, 41.95239], [-87.82271, 41.95239], [-87.82251, 41.9524], [-87.82229, 41.9524], [-87.82213, 41.95241], [-87.82198, 41.95241], [-87.82171, 41.95242], [-87.82152, 41.95243], [-87.82133, 41.95243], [-87.82118, 41.95244], [-87.82101, 41.95244], [-87.82086, 41.95245], [-87.82075, 41.95245], [-87.82055, 41.95245], [-87.82026, 41.95246], [-87.82001, 41.95247], [-87.81979, 41.95247], [-87.81952, 41.95248], [-87.81931, 41.95248], [-87.81901, 41.95249], [-87.8188, 41.95249], [-87.81856, 41.95249], [-87.8183, 41.9525], [-87.81815, 41.95251], [-87.81795, 41.95251], [-87.81775, 41.95252], [-87.81763, 41.95252], [-87.81742, 41.95252], [-87.8172, 41.95253], [-87.81707, 41.95253], [-87.81673, 41.95254], [-87.81654, 41.95255], [-87.81612, 41.95256], [-87.8159, 41.95256], [-87.81585, 41.95256], [-87.81564, 41.95257], [-87.81559, 41.95257], [-87.81526, 41.95258], [-87.81499, 41.95259], [-87.81475, 41.95259], [-87.81463, 41.95259], [-87.81449, 41.9526], [-87.81417, 41.9526], [-87.81389, 41.95261], [-87.8137, 41.95262], [-87.81343, 41.95262], [-87.81304, 41.95263], [-87.81283, 41.95264], [-87.81255, 41.95265], [-87.81235, 41.95265], [-87.81223, 41.95265], [-87.81201, 41.95266], [-87.81186, 41.95266], [-87.81167, 41.95267], [-87.81147, 41.95267], [-87.8113, 41.95267], [-87.81106, 41.95268], [-87.81098, 41.95268], [-87.81073, 41.95268], [-87.81045, 41.95269], [-87.8103, 41.95269], [-87.80972, 41.95271], [-87.80917, 41.95273], [-87.80892, 41.95273], [-87.80868, 41.95274], [-87.80847, 41.95274], [-87.80827, 41.95275], [-87.80794, 41.95276], [-87.80757, 41.95277], [-87.80727, 41.95276], [-87.80728, 41.95291], [-87.80728, 41.95295], [-87.80728, 41.95306], [-87.80729, 41.95325], [-87.80729, 41.95344], [-87.8073, 41.95358], [-87.8073, 41.95368], [-87.80726, 41.9537], [-87.8071, 41.95377], [-87.80248, 41.95598], [-87.80138, 41.95651], [-87.80012, 41.95711], [-87.80013, 41.95728], [-87.79999, 41.95735], [-87.79993, 41.95738], [-87.79972, 41.95748], [-87.79962, 41.95753], [-87.79931, 41.95768], [-87.799, 41.95782], [-87.79891, 41.95787], [-87.79875, 41.95795], [-87.79861, 41.95801], [-87.79839, 41.95811], [-87.79822, 41.9582], [-87.798, 41.9583], [-87.79771, 41.95844], [-87.79747, 41.95856], [-87.79745, 41.95857], [-87.79725, 41.95866], [-87.79691, 41.95882], [-87.79667, 41.95894], [-87.79651, 41.95901], [-87.79627, 41.95913], [-87.79611, 41.95921], [-87.7959, 41.95931], [-87.79569, 41.95941], [-87.79528, 41.9596], [-87.79515, 41.95967], [-87.79492, 41.95978], [-87.79485, 41.95981], [-87.79473, 41.95987], [-87.79463, 41.95991], [-87.7946, 41.95993], [-87.79444, 41.95999], [-87.79433, 41.96003], [-87.7942, 41.96006], [-87.79403, 41.96006], [-87.79351, 41.96007], [-87.79328, 41.96008], [-87.79305, 41.96008], [-87.79277, 41.96009], [-87.79252, 41.9601], [-87.79226, 41.9601], [-87.79198, 41.96011], [-87.7918, 41.96012], [-87.79169, 41.96012], [-87.79151, 41.96013], [-87.79127, 41.96013], [-87.79098, 41.96013], [-87.79071, 41.96013], [-87.79047, 41.96014], [-87.79029, 41.96014], [-87.79007, 41.96014], [-87.78987, 41.96015], [-87.78964, 41.96015], [-87.78947, 41.96015], [-87.78925, 41.96016], [-87.7891, 41.96016], [-87.78895, 41.96016], [-87.78884, 41.96017], [-87.78866, 41.96017], [-87.78849, 41.96017], [-87.7883, 41.96017], [-87.78826, 41.96018], [-87.78815, 41.96018], [-87.78802, 41.96018], [-87.78787, 41.96018], [-87.78766, 41.96019], [-87.78756, 41.9602], [-87.78736, 41.9602], [-87.78729, 41.96021], [-87.78717, 41.96021], [-87.78698, 41.96021], [-87.78681, 41.96022], [-87.78681, 41.96034], [-87.78682, 41.96061], [-87.78682, 41.96067], [-87.78682, 41.96071], [-87.78683, 41.96096], [-87.78684, 41.96115], [-87.78684, 41.96137], [-87.78685, 41.96153], [-87.78686, 41.96178], [-87.78686, 41.96193], [-87.78687, 41.96204], [-87.78687, 41.96213], [-87.78688, 41.96236], [-87.78688, 41.9625], [-87.78689, 41.96269], [-87.78692, 41.96288], [-87.78693, 41.96293], [-87.78694, 41.96301], [-87.78695, 41.9631], [-87.78696, 41.96314], [-87.78698, 41.96318], [-87.78701, 41.96324], [-87.78705, 41.9633], [-87.78685, 41.96342], [-87.78683, 41.96343], [-87.78681, 41.96344], [-87.7868, 41.96345], [-87.78678, 41.96347], [-87.78677, 41.96355], [-87.78677, 41.96362], [-87.78677, 41.96374], [-87.78677, 41.96386], [-87.78677, 41.96397], [-87.78677, 41.96415], [-87.78677, 41.96416], [-87.78677, 41.96433], [-87.78676, 41.96436], [-87.78676, 41.96452], [-87.78676, 41.96465], [-87.78676, 41.96474], [-87.78676, 41.96483], [-87.78676, 41.96488], [-87.78676, 41.96498], [-87.78676, 41.96512], [-87.78676, 41.96518], [-87.78675, 41.9653], [-87.78675, 41.96545], [-87.78675, 41.96554], [-87.78675, 41.9656], [-87.78675, 41.96573], [-87.78675, 41.96587], [-87.78675, 41.96603], [-87.78675, 41.96613], [-87.78674, 41.96632], [-87.78674, 41.9664], [-87.78674, 41.96654], [-87.78674, 41.96666], [-87.78674, 41.96678], [-87.78674, 41.96685], [-87.78674, 41.96696], [-87.78674, 41.96703], [-87.78674, 41.96706], [-87.78674, 41.96711], [-87.78674, 41.96729], [-87.78674, 41.96734], [-87.78675, 41.96749], [-87.78676, 41.96763], [-87.78676, 41.96778], [-87.78675, 41.96786], [-87.78675, 41.96795], [-87.78675, 41.96811], [-87.78675, 41.96822], [-87.78675, 41.96833], [-87.78676, 41.96838], [-87.78677, 41.96843], [-87.78693, 41.96843], [-87.78714, 41.96842], [-87.78732, 41.96842], [-87.78755, 41.96841], [-87.78776, 41.96841], [-87.78801, 41.96841], [-87.78801, 41.96857], [-87.78801, 41.96871], [-87.78801, 41.96883], [-87.78801, 41.96885], [-87.78801, 41.96889], [-87.78812, 41.96889], [-87.78858, 41.96888], [-87.78864, 41.96888], [-87.7891, 41.96888], [-87.78934, 41.96888], [-87.78979, 41.96887], [-87.78985, 41.96887], [-87.79031, 41.96887], [-87.79055, 41.96887], [-87.79101, 41.96886], [-87.79107, 41.96886], [-87.79152, 41.96886], [-87.79176, 41.96886], [-87.79222, 41.96885], [-87.79228, 41.96885], [-87.79273, 41.96885], [-87.79298, 41.96884], [-87.79343, 41.96884], [-87.79349, 41.96884], [-87.79394, 41.96884], [-87.79418, 41.96883], [-87.79464, 41.96883], [-87.7947, 41.96883], [-87.79515, 41.96882], [-87.7954, 41.96882], [-87.79585, 41.96882], [-87.79591, 41.96882], [-87.79637, 41.96881], [-87.79661, 41.96881], [-87.79706, 41.96881], [-87.79712, 41.96881], [-87.79712, 41.96881], [-87.79758, 41.9688], [-87.79782, 41.9688], [-87.79828, 41.9688], [-87.79834, 41.9688], [-87.79879, 41.9688], [-87.79904, 41.9688], [-87.79949, 41.96879], [-87.79955, 41.96879], [-87.8, 41.96879], [-87.80024, 41.96879], [-87.8007, 41.96879], [-87.80075, 41.96878], [-87.80121, 41.96878], [-87.80145, 41.96878], [-87.80189, 41.96878], [-87.80195, 41.96878], [-87.80228, 41.96878], [-87.8024, 41.96878], [-87.80252, 41.96877], [-87.80253, 41.96872], [-87.80253, 41.96859], [-87.80253, 41.96848], [-87.80253, 41.96848], [-87.80253, 41.96841], [-87.80254, 41.9683], [-87.8027, 41.9683], [-87.80284, 41.96829], [-87.80313, 41.96829], [-87.80347, 41.96829], [-87.80369, 41.96829], [-87.80378, 41.96829], [-87.80388, 41.96829], [-87.80408, 41.96829], [-87.80441, 41.96829], [-87.80472, 41.96828], [-87.80486, 41.96828], [-87.80514, 41.96828], [-87.80541, 41.96828], [-87.80566, 41.96828], [-87.80591, 41.96828], [-87.80603, 41.96828], [-87.80619, 41.96828], [-87.80644, 41.96828], [-87.80658, 41.96827], [-87.80666, 41.96827], [-87.80684, 41.96827], [-87.80716, 41.96827], [-87.80715, 41.96863], [-87.80715, 41.96889], [-87.80715, 41.9691], [-87.80715, 41.96918], [-87.80714, 41.96938], [-87.80713, 41.96952], [-87.80712, 41.9697], [-87.80712, 41.96985], [-87.80711, 41.97007], [-87.80711, 41.9702], [-87.80711, 41.97037], [-87.80711, 41.9705], [-87.80711, 41.9706], [-87.8071, 41.97077], [-87.8071, 41.97091], [-87.8071, 41.97106], [-87.8071, 41.9711], [-87.8071, 41.97111], [-87.80709, 41.97123], [-87.80709, 41.97138], [-87.80709, 41.97152], [-87.80709, 41.97168], [-87.80709, 41.97178], [-87.80709, 41.97189], [-87.80709, 41.97203], [-87.80709, 41.97212], [-87.80708, 41.97223], [-87.80708, 41.97236], [-87.80708, 41.97252], [-87.80708, 41.97273], [-87.80707, 41.97288], [-87.80706, 41.97301], [-87.80706, 41.9732], [-87.80706, 41.97336], [-87.80706, 41.97353], [-87.80707, 41.97369], [-87.80707, 41.97386], [-87.80707, 41.97415], [-87.80706, 41.97434], [-87.80707, 41.97454], [-87.80729, 41.97454], [-87.80753, 41.97453], [-87.80772, 41.97453], [-87.80806, 41.97452], [-87.80829, 41.97451], [-87.80858, 41.9745], [-87.80876, 41.9745], [-87.80897, 41.9745], [-87.80934, 41.97448], [-87.80952, 41.97448], [-87.80978, 41.97447], [-87.81005, 41.97447], [-87.81026, 41.97446], [-87.81057, 41.97445], [-87.81075, 41.97445], [-87.81099, 41.97444], [-87.81118, 41.97444], [-87.81143, 41.97443], [-87.81173, 41.97442], [-87.812, 41.97442], [-87.81222, 41.97441], [-87.81233, 41.97441], [-87.81254, 41.9744], [-87.81258, 41.9744], [-87.81271, 41.9744], [-87.81298, 41.97439], [-87.81322, 41.97438], [-87.81341, 41.97438], [-87.81359, 41.97437], [-87.81381, 41.97437], [-87.81384, 41.97437], [-87.814, 41.97436], [-87.81423, 41.97436], [-87.81445, 41.97435], [-87.81467, 41.97435], [-87.81487, 41.97434], [-87.81516, 41.97433], [-87.81538, 41.97433], [-87.81548, 41.97432], [-87.81568, 41.97432], [-87.81572, 41.97432], [-87.81596, 41.97431], [-87.81669, 41.97429], [-87.81692, 41.97429], [-87.81692, 41.97408], [-87.81692, 41.97399], [-87.81692, 41.97391], [-87.81692, 41.97384], [-87.81692, 41.97382], [-87.81693, 41.97369], [-87.81693, 41.97353], [-87.81693, 41.97338], [-87.81693, 41.97327], [-87.81693, 41.9731], [-87.81693, 41.97289], [-87.81693, 41.97278], [-87.81693, 41.97258], [-87.81694, 41.97247], [-87.81694, 41.97233], [-87.81694, 41.97213], [-87.81694, 41.97198], [-87.81694, 41.97185], [-87.81694, 41.97168], [-87.81694, 41.97157], [-87.81695, 41.97144], [-87.81695, 41.97127], [-87.81695, 41.97122], [-87.81695, 41.97115], [-87.81695, 41.9711], [-87.81695, 41.971], [-87.81695, 41.97088], [-87.81695, 41.97077], [-87.81695, 41.97066], [-87.81708, 41.97065], [-87.81723, 41.97065], [-87.81729, 41.97065], [-87.81738, 41.97065], [-87.81738, 41.97065], [-87.81752, 41.97064], [-87.81753, 41.97064], [-87.81767, 41.97064], [-87.81768, 41.97064], [-87.81776, 41.97064], [-87.81782, 41.97064], [-87.81797, 41.97063], [-87.81797, 41.97063], [-87.818, 41.97063], [-87.81812, 41.97063], [-87.81826, 41.97063], [-87.81827, 41.97063], [-87.81841, 41.97062], [-87.81856, 41.97062], [-87.81866, 41.97062], [-87.8187, 41.97061], [-87.81885, 41.97061], [-87.81899, 41.97061], [-87.81899, 41.97079], [-87.81898, 41.97087], [-87.81898, 41.9709], [-87.81898, 41.97101], [-87.81898, 41.97113], [-87.81898, 41.97118], [-87.81898, 41.97124], [-87.81898, 41.97135], [-87.81898, 41.97137], [-87.81898, 41.97146], [-87.81898, 41.97156], [-87.81898, 41.97158], [-87.81898, 41.97169], [-87.81898, 41.97174], [-87.81898, 41.9718], [-87.81898, 41.97191], [-87.81898, 41.97193], [-87.81898, 41.97203], [-87.81898, 41.97212], [-87.81898, 41.97214], [-87.81897, 41.97225], [-87.81897, 41.9723], [-87.81897, 41.97236], [-87.81897, 41.97248], [-87.81897, 41.97249], [-87.81897, 41.97266], [-87.81897, 41.97268], [-87.81897, 41.97285], [-87.81897, 41.97286], [-87.81897, 41.97297], [-87.81897, 41.97305], [-87.81897, 41.9731], [-87.81897, 41.97322], [-87.81934, 41.97322], [-87.81943, 41.97322], [-87.81943, 41.97346], [-87.81943, 41.97355], [-87.81943, 41.97364], [-87.81943, 41.97375], [-87.81943, 41.9739], [-87.81943, 41.97396], [-87.81943, 41.97403], [-87.8194, 41.97422], [-87.81968, 41.97422], [-87.82009, 41.97421], [-87.82039, 41.9742], [-87.8208, 41.97419], [-87.82117, 41.97418], [-87.82151, 41.97417], [-87.82185, 41.97416], [-87.82205, 41.97415], [-87.82226, 41.97415], [-87.82276, 41.97414], [-87.82305, 41.97413], [-87.8233, 41.97412], [-87.8235, 41.97412], [-87.82384, 41.97411], [-87.82404, 41.97411], [-87.82405, 41.97411], [-87.82426, 41.9741], [-87.82469, 41.97409], [-87.8248, 41.97408], [-87.82492, 41.97408], [-87.82502, 41.97408], [-87.82517, 41.97407], [-87.82542, 41.97407], [-87.82575, 41.97406], [-87.82588, 41.97405], [-87.82614, 41.97405], [-87.82644, 41.97404], [-87.82674, 41.97403], [-87.82674, 41.97384], [-87.82674, 41.97374], [-87.82674, 41.97369], [-87.82674, 41.97352], [-87.82674, 41.97335], [-87.82674, 41.97321], [-87.82674, 41.97314], [-87.82679, 41.97314], [-87.82697, 41.97314], [-87.82726, 41.97313], [-87.82744, 41.97313], [-87.82756, 41.97313], [-87.82771, 41.97313], [-87.82786, 41.97312], [-87.82798, 41.97312], [-87.82815, 41.97312], [-87.82824, 41.97312], [-87.82845, 41.97311], [-87.82851, 41.97311], [-87.82874, 41.97311], [-87.82878, 41.97311], [-87.82904, 41.9731], [-87.82905, 41.9731], [-87.82932, 41.9731], [-87.82933, 41.9731], [-87.82959, 41.97309], [-87.82963, 41.97309], [-87.82985, 41.97309], [-87.82992, 41.97309], [-87.83012, 41.97308], [-87.83022, 41.97308], [-87.83039, 41.97308], [-87.83051, 41.97308], [-87.83066, 41.97307], [-87.83081, 41.97307], [-87.83093, 41.97307], [-87.83118, 41.97307], [-87.8312, 41.97307], [-87.83146, 41.97306], [-87.83173, 41.97306], [-87.83173, 41.97319], [-87.83173, 41.97322], [-87.83173, 41.97338], [-87.83172, 41.97361], [-87.83172, 41.97362], [-87.83172, 41.97384], [-87.83172, 41.97395], [-87.83174, 41.97395], [-87.83191, 41.97395], [-87.8322, 41.97394], [-87.83236, 41.97394], [-87.83249, 41.97394], [-87.83272, 41.97393], [-87.83288, 41.97393], [-87.83307, 41.97393], [-87.83342, 41.97392], [-87.83342, 41.97403], [-87.83342, 41.97425], [-87.83342, 41.97447], [-87.83341, 41.97463], [-87.83341, 41.97469], [-87.83341, 41.97492], [-87.83351, 41.97492], [-87.83363, 41.97491], [-87.83363, 41.97493], [-87.83363, 41.97507], [-87.83363, 41.97537], [-87.83381, 41.97537], [-87.83396, 41.97536], [-87.83398, 41.97536], [-87.83415, 41.97536], [-87.8343, 41.97536], [-87.83433, 41.97536], [-87.8345, 41.97535], [-87.83463, 41.97535], [-87.83468, 41.97535], [-87.83485, 41.97535], [-87.83497, 41.97535], [-87.83503, 41.97534], [-87.8352, 41.97534], [-87.8353, 41.97534], [-87.83538, 41.97534], [-87.83555, 41.97534], [-87.83563, 41.97533], [-87.83573, 41.97533], [-87.83582, 41.97533], [-87.8359, 41.97533], [-87.836, 41.97533], [-87.83608, 41.97533], [-87.83625, 41.97532], [-87.83644, 41.97532], [-87.83663, 41.97531], [-87.83663, 41.9753], [-87.83663, 41.97521], [-87.83663, 41.97509], [-87.83663, 41.97494], [-87.83663, 41.97477], [-87.83681, 41.97477], [-87.83699, 41.97477], [-87.83717, 41.97477], [-87.83735, 41.97476], [-87.83753, 41.97476], [-87.8377, 41.97476], [-87.83788, 41.97475], [-87.83806, 41.97475], [-87.83824, 41.97475], [-87.83841, 41.97474], [-87.83859, 41.97474], [-87.83877, 41.97474], [-87.83894, 41.97473], [-87.83912, 41.97473], [-87.8393, 41.97473], [-87.83948, 41.97473], [-87.83962, 41.97472], [-87.83965, 41.97472], [-87.83983, 41.97472], [-87.84001, 41.97472], [-87.84019, 41.97471], [-87.84025, 41.97471], [-87.84036, 41.97471], [-87.84054, 41.97471], [-87.84072, 41.9747], [-87.84086, 41.9747], [-87.8409, 41.9747], [-87.84107, 41.9747], [-87.84125, 41.9747], [-87.84143, 41.97469], [-87.84155, 41.97469], [-87.84156, 41.97456], [-87.84156, 41.97439], [-87.84156, 41.97409], [-87.84156, 41.97394], [-87.84155, 41.97379], [-87.84135, 41.9738], [-87.84116, 41.9738], [-87.84103, 41.9738], [-87.84066, 41.9738], [-87.84036, 41.9738], [-87.83993, 41.97381], [-87.8396, 41.97382], [-87.83939, 41.97382], [-87.83899, 41.97383], [-87.83866, 41.97383], [-87.83842, 41.97383], [-87.83815, 41.97384], [-87.83794, 41.97384], [-87.83793, 41.97384], [-87.83793, 41.97374], [-87.83793, 41.9736], [-87.83794, 41.97346], [-87.83794, 41.97332]], [[-87.69602, 41.69893], [-87.69576, 41.69172], [-87.69209, 41.69176], [-87.6921, 41.69214], [-87.6921, 41.6922], [-87.69171, 41.69221], [-87.69171, 41.69227], [-87.69101, 41.69228], [-87.69124, 41.69898], [-87.69136, 41.69898], [-87.69602, 41.69893]], [[-87.82414, 41.9783], [-87.82412, 41.97841], [-87.82411, 41.97851], [-87.82409, 41.97864], [-87.82408, 41.97875], [-87.82406, 41.9789], [-87.82404, 41.97904], [-87.82403, 41.97916], [-87.82401, 41.97928], [-87.82399, 41.97944], [-87.82397, 41.97955], [-87.82396, 41.97966], [-87.82394, 41.97983], [-87.82392, 41.97994], [-87.82391, 41.98006], [-87.82389, 41.9802], [-87.82387, 41.98032], [-87.82386, 41.98046], [-87.82384, 41.98059], [-87.82381, 41.98081], [-87.82379, 41.98094], [-87.82376, 41.98118], [-87.82374, 41.98137], [-87.82372, 41.98152], [-87.8237, 41.98166], [-87.82368, 41.98181], [-87.82365, 41.98202], [-87.82364, 41.98214], [-87.82362, 41.98227], [-87.8236, 41.98242], [-87.82358, 41.98256], [-87.82357, 41.98269], [-87.82354, 41.98292], [-87.82353, 41.98303], [-87.82365, 41.98302], [-87.82447, 41.98301], [-87.8253, 41.983], [-87.82529, 41.98267], [-87.82529, 41.98257], [-87.82528, 41.98247], [-87.82528, 41.98237], [-87.82528, 41.98227], [-87.82528, 41.98217], [-87.82527, 41.98206], [-87.82527, 41.98196], [-87.82529, 41.98196], [-87.82558, 41.98196], [-87.82587, 41.98195], [-87.82601, 41.98195], [-87.82616, 41.98195], [-87.82645, 41.98195], [-87.82673, 41.98194], [-87.82675, 41.98194], [-87.82698, 41.98194], [-87.82737, 41.98193], [-87.82768, 41.98193], [-87.82814, 41.98192], [-87.82811, 41.98387], [-87.82848, 41.98386], [-87.82882, 41.98386], [-87.82912, 41.98386], [-87.82943, 41.98385], [-87.82971, 41.98385], [-87.82999, 41.98384], [-87.83023, 41.98384], [-87.83051, 41.98383], [-87.8308, 41.98383], [-87.83108, 41.98383], [-87.83136, 41.98382], [-87.83163, 41.98382], [-87.83165, 41.98382], [-87.83193, 41.98381], [-87.83221, 41.98381], [-87.8325, 41.9838], [-87.83278, 41.9838], [-87.833, 41.9838], [-87.83303, 41.9838], [-87.83308, 41.98379], [-87.83313, 41.98377], [-87.83317, 41.98375], [-87.83318, 41.98373], [-87.83319, 41.98371], [-87.83321, 41.98368], [-87.83321, 41.98366], [-87.83321, 41.98357], [-87.83358, 41.98357], [-87.83358, 41.98356], [-87.83358, 41.9835], [-87.83359, 41.98334], [-87.83359, 41.98316], [-87.83359, 41.983], [-87.83359, 41.98292], [-87.83359, 41.98288], [-87.83359, 41.98283], [-87.83359, 41.98277], [-87.8336, 41.98269], [-87.8336, 41.98267], [-87.83421, 41.98266], [-87.83445, 41.98267], [-87.83507, 41.98267], [-87.83507, 41.98251], [-87.83508, 41.98234], [-87.83508, 41.98218], [-87.83508, 41.98201], [-87.83508, 41.98185], [-87.83508, 41.98169], [-87.83509, 41.98152], [-87.83509, 41.98129], [-87.83509, 41.98115], [-87.83501, 41.98115], [-87.83483, 41.98115], [-87.83476, 41.98115], [-87.83452, 41.98115], [-87.83435, 41.98116], [-87.83435, 41.981], [-87.83435, 41.98094], [-87.83436, 41.98085], [-87.83448, 41.98085], [-87.8351, 41.98084], [-87.8351, 41.98066], [-87.8351, 41.9805], [-87.83448, 41.98051], [-87.83424, 41.98051], [-87.83362, 41.98052], [-87.83325, 41.98053], [-87.83303, 41.98053], [-87.83281, 41.98053], [-87.83269, 41.98054], [-87.83266, 41.98054], [-87.83253, 41.98054], [-87.83236, 41.98054], [-87.83236, 41.98054], [-87.83224, 41.98054], [-87.83205, 41.98055], [-87.83203, 41.98055], [-87.83191, 41.98055], [-87.83181, 41.98055], [-87.83174, 41.98055], [-87.83172, 41.98055], [-87.83163, 41.98055], [-87.83162, 41.98055], [-87.8314, 41.98056], [-87.8314, 41.98056], [-87.83135, 41.98056], [-87.83119, 41.98056], [-87.83107, 41.98056], [-87.83107, 41.98056], [-87.83097, 41.98056], [-87.83079, 41.98057], [-87.83076, 41.98057], [-87.83074, 41.98057], [-87.83052, 41.98057], [-87.83051, 41.98057], [-87.83042, 41.98057], [-87.8303, 41.98058], [-87.83009, 41.98058], [-87.83007, 41.98058], [-87.82977, 41.98059], [-87.82976, 41.98059], [-87.82941, 41.98059], [-87.82919, 41.98059], [-87.82886, 41.9806], [-87.82886, 41.98033], [-87.82869, 41.98033], [-87.82869, 41.98019], [-87.82869, 41.97997], [-87.82869, 41.9798], [-87.82869, 41.97963], [-87.8287, 41.97946], [-87.8287, 41.97929], [-87.82817, 41.97929], [-87.82808, 41.97929], [-87.82808, 41.97928], [-87.82808, 41.97917], [-87.82808, 41.97912], [-87.82817, 41.97912], [-87.8287, 41.97912], [-87.8287, 41.97891], [-87.8287, 41.97884], [-87.82864, 41.97884], [-87.82864, 41.97877], [-87.82864, 41.97844], [-87.82887, 41.97844], [-87.82893, 41.97843], [-87.82922, 41.97843], [-87.8294, 41.97843], [-87.82972, 41.97842], [-87.82971, 41.97813], [-87.83002, 41.97813], [-87.83002, 41.97806], [-87.83003, 41.97806], [-87.83005, 41.97806], [-87.83005, 41.97799], [-87.83004, 41.97769], [-87.83004, 41.9774], [-87.83004, 41.97733], [-87.83002, 41.97733], [-87.83002, 41.97733], [-87.82977, 41.97733], [-87.82965, 41.97734], [-87.82961, 41.97734], [-87.8296, 41.97727], [-87.8296, 41.97696], [-87.82963, 41.97696], [-87.82985, 41.97695], [-87.82992, 41.97695], [-87.83007, 41.97695], [-87.8301, 41.97695], [-87.83023, 41.97695], [-87.83029, 41.97695], [-87.83036, 41.97695], [-87.83045, 41.97694], [-87.83051, 41.97694], [-87.83054, 41.97694], [-87.83062, 41.97694], [-87.83067, 41.97694], [-87.83073, 41.97694], [-87.83085, 41.97694], [-87.83088, 41.97694], [-87.83089, 41.97694], [-87.83095, 41.97694], [-87.83111, 41.97693], [-87.83113, 41.97693], [-87.83117, 41.97693], [-87.83117, 41.97693], [-87.83133, 41.97693], [-87.83139, 41.97693], [-87.83161, 41.97692], [-87.83185, 41.97692], [-87.83207, 41.97692], [-87.83208, 41.97692], [-87.83227, 41.97691], [-87.83228, 41.97691], [-87.83229, 41.97691], [-87.83246, 41.97691], [-87.83252, 41.97691], [-87.8326, 41.97691], [-87.83268, 41.97691], [-87.83274, 41.97691], [-87.83285, 41.9769], [-87.83291, 41.9769], [-87.83296, 41.9769], [-87.83301, 41.9769], [-87.83318, 41.9769], [-87.8332, 41.9769], [-87.83322, 41.9769], [-87.83337, 41.97689], [-87.8334, 41.97689], [-87.83353, 41.97689], [-87.83362, 41.97689], [-87.83362, 41.9766], [-87.83362, 41.97649], [-87.83362, 41.97631], [-87.83362, 41.97613], [-87.83362, 41.97592], [-87.8334, 41.97592], [-87.83318, 41.97593], [-87.83296, 41.97593], [-87.83274, 41.97593], [-87.83252, 41.97594], [-87.8323, 41.97594], [-87.83208, 41.97595], [-87.83186, 41.97595], [-87.83162, 41.97595], [-87.8314, 41.97596], [-87.83138, 41.97596], [-87.83117, 41.97596], [-87.83116, 41.97596], [-87.83095, 41.97596], [-87.83094, 41.97596], [-87.83073, 41.97597], [-87.83072, 41.97597], [-87.83051, 41.97597], [-87.8305, 41.97597], [-87.83029, 41.97598], [-87.83028, 41.97598], [-87.83007, 41.97598], [-87.83006, 41.97598], [-87.82985, 41.97598], [-87.82984, 41.97598], [-87.82963, 41.97599], [-87.82962, 41.97599], [-87.82941, 41.97599], [-87.8294, 41.97599], [-87.82919, 41.976], [-87.82918, 41.976], [-87.82897, 41.976], [-87.82896, 41.976], [-87.82875, 41.976], [-87.82874, 41.976], [-87.82853, 41.97601], [-87.82852, 41.97601], [-87.82831, 41.97601], [-87.8283, 41.97601], [-87.82809, 41.97601], [-87.82808, 41.97601], [-87.82787, 41.97602], [-87.82786, 41.97602], [-87.82765, 41.97602], [-87.82764, 41.97602], [-87.82743, 41.97603], [-87.82742, 41.97603], [-87.82721, 41.97603], [-87.8272, 41.97603], [-87.82696, 41.97603], [-87.8266, 41.97604], [-87.82637, 41.97604], [-87.82635, 41.97604], [-87.82615, 41.97605], [-87.8261, 41.97605], [-87.82592, 41.97605], [-87.82585, 41.97605], [-87.8257, 41.97606], [-87.82561, 41.97606], [-87.82547, 41.97606], [-87.82536, 41.97606], [-87.82525, 41.97606], [-87.82511, 41.97606], [-87.82501, 41.97607], [-87.82487, 41.97607], [-87.82455, 41.97607], [-87.82443, 41.97607], [-87.8244, 41.97625], [-87.82436, 41.97657], [-87.82435, 41.97669], [-87.82433, 41.97682], [-87.82431, 41.97696], [-87.8243, 41.97706], [-87.82428, 41.97718], [-87.82427, 41.97729], [-87.82425, 41.97745], [-87.82423, 41.97761], [-87.82422, 41.97766], [-87.82421, 41.97773], [-87.82419, 41.97789], [-87.82418, 41.97798], [-87.82417, 41.97804], [-87.82417, 41.97805], [-87.82415, 41.97818], [-87.82414, 41.9783]]]]}}]}